,store_quantity-0,store_quantity-1,sales_online-0,sales_online-1,product_demand
0,1.0,0.0,-1.411629122950498,-1.214859448889794,2.5754911573250205
1,1.0,1.0,0.5909686292026899,0.5822342838320773,-2.5921505470056974
2,1.0,1.0,-0.6739135703610339,-0.8337361359760834,2.72847083909914
3,0.0,1.0,0.02457377765622032,-0.17062094723008087,-4.092998303360772
4,0.0,1.0,-0.10317695878877348,0.4639121106580334,-7.102492549584538
5,1.0,1.0,1.207582080485717,0.2790508724741121,-7.960666654828559
6,0.0,0.0,-0.2159047751097478,-0.057690494687453076,-7.785805854267894
7,0.0,1.0,-0.5028293256345436,0.13944746425547389,-3.696811911782707
8,1.0,1.0,-3.0212974008751976,-2.810536931743799,10.070975653237138
9,1.0,1.0,-0.5182537029503165,-1.9434529639384288,5.1579563808004245
10,0.0,1.0,-1.658571528284806,1.430277967992328,-0.7762174140820033
11,1.0,0.0,0.3151697088126896,0.6620609918671405,-7.912549594476333
12,1.0,0.0,0.93610141553721,0.653604825429439,-8.75685026756068
13,0.0,0.0,0.17119151768101193,-0.06271677433270383,-9.328558484672325
14,1.0,0.0,-0.7553732841021812,-1.3958960768547497,-0.9847831005763306
15,0.0,0.0,0.872111696061393,1.1559795422821617,-17.65176852460399
16,1.0,0.0,-0.44541840353341844,0.8410406846748559,-8.395629098260518
17,0.0,1.0,-0.9413021862195761,1.4105542586557114,-4.755870163929671
18,1.0,1.0,1.017804392281316,1.7241017670098908,-8.6258810229553
19,0.0,1.0,-0.45261344119809455,0.13871108495039694,-1.5619081777129935
20,0.0,1.0,0.7195528271753657,-1.3456246314677358,-4.749306968178734
21,1.0,1.0,0.26119534368981046,-0.9983765166521894,-0.38585049257189263
22,0.0,1.0,-0.16658093461883342,-0.6597847248653742,-5.301296049548288
23,1.0,1.0,-0.191560932773564,-1.824985698664107,2.8447395266673805
24,1.0,0.0,0.09140135177915043,-0.8940484088387747,-0.06845227515844865
25,1.0,1.0,-0.3940503548431715,-1.526570839011627,1.1185446497409748
26,1.0,0.0,-0.42541636349818046,-0.3306648575954755,-3.075968864348532
27,0.0,1.0,-0.10168901765052707,0.902304157530587,-5.132884248130949
28,1.0,1.0,-0.8558249454899101,-0.06749470402364877,0.3352265109205912
29,0.0,1.0,0.12176246991727235,1.177183810618461,-9.192027866289799
30,0.0,0.0,0.46534522268113065,-0.38157214344850404,-11.193684814393833
31,1.0,1.0,-0.8395541359188993,-0.5309628636292927,-0.07970741699629258
32,0.0,1.0,-0.26285595730131356,0.09846927263522084,-5.866174372610459
33,1.0,0.0,-0.5327961178148726,-0.7432709691669346,-0.7069116490079241
34,0.0,0.0,-0.28684517151990424,0.32077203199949683,-10.114585285324482
35,1.0,1.0,-1.086147098089679,0.13592713319255434,-1.0130944996503906
36,0.0,1.0,-0.2854577612484826,1.3003378137366708,-7.065414093211549
37,0.0,0.0,-1.1341860339229033,-0.12916139544654293,-3.4269557853413364
38,0.0,1.0,-1.7511269176546453,1.196114293195981,-1.6799127766297426
39,1.0,1.0,0.28209650815490994,0.07139745363862507,-5.455122233651546
40,1.0,0.0,0.7346862179736786,2.203584865259706,-16.955292398627577
41,1.0,1.0,-0.9221458527214194,-0.37834893212271337,1.963289866739773
42,1.0,0.0,-0.7852532130595888,-1.8138066526599892,1.9765606205108588
43,1.0,1.0,-3.399895475174045,-2.52817345979239,11.830615736599597
44,1.0,0.0,1.704394760596558,1.9990015467962583,-19.068266162851565
45,1.0,1.0,-0.3779991803495757,-1.128090848364564,1.1053151914638546
46,0.0,0.0,-0.7649601787313507,-0.5418242014350428,-6.179109673984227
47,1.0,0.0,-0.1206590125882267,-0.4966353362316428,-2.8370921334125794
48,1.0,0.0,-0.2795685917507649,-0.7757304598870225,-1.8136285934856122
49,1.0,1.0,-0.40247719574054797,-1.0927261674686406,0.9222446374231019
50,0.0,1.0,-0.6733644100210241,0.4640606143926264,-4.784919650183614
51,0.0,1.0,-0.5755488595451697,-0.5768324235777476,-2.926403468938666
52,0.0,0.0,0.10238030449568536,-0.11757311038518901,-10.40238046539358
53,1.0,1.0,-0.757529146036046,0.033274480589766675,0.09342913768629169
54,1.0,0.0,-2.48489650720741,-2.2231535734708343,8.86842695517204
55,1.0,1.0,-1.336409054193978,-2.1485748423386952,6.299815899483614
56,1.0,1.0,0.01356834692337483,0.4366160593432459,-3.162343064270923
57,1.0,0.0,-0.0009690002217785931,-0.7350527288888489,-1.7488407265826256
58,0.0,1.0,-2.0049080078326256,2.97951127149899,-6.609731933661669
59,0.0,0.0,0.2274183653251195,-1.0286568010031754,-5.268340036913765
60,0.0,0.0,0.5149789977531524,-0.8275244349617591,-7.954023217702006
61,0.0,0.0,0.9723722763420461,-1.3563086317008972,-8.068592217001274
62,1.0,1.0,0.20509543765159943,0.04632818257470345,-1.005889227253793
63,1.0,1.0,0.37019342770271835,-0.39604488424359874,-2.850088752548922
64,0.0,0.0,0.20800419761268774,0.7851062557108232,-14.692419823666697
65,1.0,0.0,-1.5128077448206114,-1.731006895862266,5.104118347802112
66,1.0,0.0,-0.8763365972785653,-1.60378490213665,0.4806136253649598
67,0.0,0.0,1.0609929258037156,-1.7296264632966536,-7.522625634679449
68,1.0,0.0,0.025295364823201993,0.19957677402760698,-5.086805168467518
69,0.0,1.0,-0.31519484746236587,-0.30083676406890514,-5.720412723358563
70,0.0,0.0,-0.17181472840248732,-1.161361144529426,-3.95150151000215
71,0.0,0.0,0.19549079152408677,-0.3223099863225113,-7.150588727752334
72,0.0,0.0,0.5924675564544052,-0.25354180093095036,-13.448733681982212
73,0.0,0.0,-1.6051310805280439,1.8762517564934689,-11.21991844912238
74,0.0,0.0,0.4404964919274712,-0.34156406116748717,-10.521297887015876
75,0.0,1.0,-1.4155924149100034,0.3770508346995334,0.40155850404631366
76,0.0,1.0,-1.4436866451298187,0.9286801389916983,-3.3461731319334262
77,1.0,0.0,-0.44138969395402605,0.34191220709181097,-4.90279807537471
78,0.0,0.0,-0.39996788001881745,-0.9088800020730374,-4.9375314838089785
79,1.0,1.0,0.3588449090763689,0.013272275911438536,-2.6884807146686795
80,1.0,1.0,0.005888853735021626,-0.20303205784925232,-1.4713963719221947
81,0.0,0.0,0.6935503352831109,0.03739369369740053,-13.560306505458959
82,1.0,1.0,0.09641410219619301,0.9042079720067318,-4.663828950634215
83,1.0,0.0,-0.14177589305263322,-0.18175306412961434,-4.982047532702543
84,1.0,0.0,-0.4334897339002048,-0.15914382459871837,-3.3162563629051824
85,0.0,0.0,-0.26144378663554824,0.5007967391363076,-11.274176949436384
86,1.0,0.0,-0.177198449370611,0.26419338966333833,-5.263544056411093
87,1.0,0.0,-1.053990731421817,-0.8523340700993323,-0.43575179589760804
88,1.0,1.0,0.5367070458762893,-0.08311518446103766,-3.0712083834133797
89,0.0,1.0,-0.2377823467476451,0.9055022270579602,-9.787155552401405
90,1.0,1.0,-0.947148874368265,-0.510733422118657,0.9912843302795347
91,0.0,1.0,-1.6352608587067436,1.4901083016993955,-3.6323323341053175
92,1.0,0.0,0.6052858914264698,0.8227639146772573,-9.799708933811035
93,1.0,1.0,-0.2559972660896056,-0.27066070405894804,1.2662112866607336
94,1.0,0.0,0.8243666331276776,0.3513922459460558,-10.610751394559848
95,0.0,0.0,-0.7893771310116817,-0.2092341360876444,-8.121964208679893
96,1.0,0.0,-2.478944298082941,-1.5807227916810036,4.5621920228633766
97,1.0,0.0,-1.2198235878582575,0.35431514426367516,-7.379869435222376
98,1.0,0.0,-0.46318210832445694,-1.4075189029242736,1.6316129067183232
99,1.0,0.0,-1.232420569489559,-0.5731464675186977,0.8291846851135647
100,1.0,0.0,-1.2090454597849196,-0.35175278553254963,0.9705431111257816
101,0.0,0.0,0.11952304313721185,0.4263357023089623,-12.772564819636484
102,1.0,0.0,-0.13427455484742917,-0.22032931558348473,-2.007523192066852
103,0.0,1.0,0.1971736417890395,0.7658785811918235,-7.636580699702379
104,1.0,0.0,1.4886061603677379,0.3033096498047656,-9.604175131760037
105,1.0,1.0,0.07231750419912092,-0.7408582404763996,1.21150012250417
106,0.0,0.0,1.7946465639785756,-1.4781547367967716,-8.503154488973847
107,0.0,0.0,1.2730602024779838,-1.0884060848936234,-9.461345709705311
108,1.0,1.0,0.6516940278244239,0.812352595008387,-6.825134085977117
109,1.0,1.0,-0.5249657530693681,-0.44953633313476,0.8192354280907597
110,0.0,1.0,0.3212237350700411,-1.2226024591469622,-5.493927673076214
111,1.0,0.0,-1.4252385979018625,-1.5522616377640992,3.3241315364290633
112,1.0,1.0,-1.6896534505394551,-1.3426367613467147,4.837479478797866
113,1.0,0.0,0.1866655727552109,0.10008406604662018,-6.755035818170357
114,0.0,1.0,0.40001531723631,-0.08135082807789873,-6.550383323711335
115,0.0,1.0,-2.973608638564252,2.323159910181827,2.1024720944133186
116,0.0,0.0,-1.0853702600184427,1.4883218706032604,-9.181533020395758
117,0.0,1.0,-1.8085666365974553,2.65892377273083,-6.074114649726689
118,1.0,0.0,-0.13808953670330476,-1.5499510640065695,-1.0238212164391758
119,1.0,1.0,0.6835339249337082,1.1998261046312688,-6.407872511389576
120,1.0,1.0,0.6749191945582922,0.763862876474565,-5.289339587411511
121,1.0,1.0,0.2673131603973591,0.42393272568450835,-2.9399005855019156
122,0.0,0.0,0.45324332157354663,-0.9235301344855251,-10.414220461774786
123,1.0,0.0,0.9681112826963372,0.049721519626713784,-9.893006120360353
124,1.0,0.0,0.5083213348570043,-0.4791285132515179,-5.275826792803787
125,1.0,0.0,0.4826053089846083,0.2048494570735986,-7.345687083475669
126,1.0,1.0,0.6538133111836926,0.32215236182748835,-4.912393820996721
127,0.0,0.0,0.12822245324887693,-0.22684679114160777,-8.964120915060057
128,0.0,1.0,-0.6155222989757716,0.9235562146202922,-5.159545718184203
129,0.0,0.0,-1.5148074189975709,0.7762612558706539,-5.232183812006734
130,0.0,1.0,0.5749793707582964,-0.38307862750424654,-5.381398748183732
131,0.0,1.0,-0.8736098918534284,0.3198552022515243,-3.6949258887835024
132,0.0,0.0,-1.5152243630145918,1.0295396047953613,-8.795653802054966
133,0.0,0.0,0.3308489172128286,-0.8244974102447094,-6.8110609573211285
134,0.0,1.0,1.1817575529609428,-1.9171091822356443,-5.7947770476499425
135,1.0,1.0,-0.2902526949974926,-0.7919207807585774,0.1735566294736106
136,0.0,0.0,-0.02664897037548103,-0.7704332524329273,-7.973209348667609
137,0.0,0.0,1.3723259821398273,-1.9542959486307834,-6.162017830526306
138,0.0,0.0,1.604391060647262,-1.939793456185212,-7.898180576534376
139,0.0,0.0,-2.090999982397933,1.3160789574655734,-5.646061948506364
140,1.0,1.0,-1.2143413520053312,-2.0087276654947646,5.65645872881687
141,0.0,0.0,-1.1513615477240537,0.7253489174622655,-8.798853799367567
142,1.0,0.0,1.696623890808084,1.1426059340336048,-13.412141672717082
143,0.0,1.0,-0.8138802717255769,0.2692511250730262,-1.9253140475297599
144,1.0,0.0,0.06286899163662224,-1.453396197834752,0.16145489918750977
145,0.0,1.0,-1.0904919947136062,2.321692935848972,-8.576852538348115
146,0.0,0.0,-0.8500256199765641,1.1695887169076562,-12.771370387776848
147,1.0,0.0,0.884186311083403,0.7198077715507841,-11.382506739210228
148,1.0,1.0,-1.3577347351763007,-1.031690178182264,4.328180387836714
149,0.0,1.0,-0.7180724328612367,0.3603369869145441,-4.183741245500415
150,0.0,1.0,-1.8813646241471131,2.0946879832199494,-4.55806550695694
151,0.0,1.0,-1.9617259950652144,1.742201328825689,-1.1852305164848964
152,0.0,1.0,0.09862457088601717,0.4821312031177204,-6.934408215450808
153,1.0,0.0,0.1748662248076459,-0.2790172844545623,-4.302674791365803
154,1.0,0.0,-1.1122065032296842,-0.5904234147852074,-1.1081139932372013
155,1.0,0.0,-0.7493908216248325,0.43389104919704,-4.67274876699455
156,0.0,1.0,0.3525210112903874,-0.2859281588283678,-5.742486652453358
157,0.0,1.0,0.19616316326626515,0.8055375185759103,-8.5365928566691
158,0.0,1.0,0.5794273780701412,-1.2811152501767786,-4.806211376984194
159,1.0,0.0,1.7445260697929457,3.134451606038193,-21.984159672506944
160,1.0,0.0,0.04027146015358035,-0.7793330442115237,-3.6027487525239703
161,0.0,0.0,-0.1483979963888548,-0.16984314781703394,-8.413188890696283
162,1.0,0.0,-1.7065798664147844,-1.706643095442924,7.467882907750118
163,0.0,1.0,0.7515331962398142,-1.2176270335723718,-6.996823637039987
164,1.0,0.0,-0.6446152991539849,-0.9231338346948263,0.3663300367432263
165,1.0,0.0,0.2665098185717508,0.5093686004624208,-8.059944790359111
166,1.0,1.0,-1.9314505751619095,-1.9187422670509113,6.07511732847478
167,0.0,0.0,0.10971249182359877,-0.0667119815205291,-9.098773600092855
168,0.0,1.0,0.4025673382661117,0.7021282262402588,-10.942224184009174
169,1.0,1.0,-0.41061074787719454,-0.5848957391582167,0.3398639445970879
170,1.0,1.0,0.7295151681926249,0.45871569211235375,-5.2363108074820275
171,1.0,0.0,0.32856516015177606,-0.9621668222595725,-3.284441202991539
172,1.0,1.0,0.022094830401558074,-0.23572920314942147,-2.450176026040719
173,1.0,1.0,-0.9479500555311879,-1.2923850476001082,3.2380161723793366
174,0.0,1.0,-0.10648106202974389,0.381716762339898,-6.012330771637978
175,0.0,0.0,0.23029549071603206,-0.9933338672012619,-6.962169632016533
176,0.0,0.0,-1.4215302311870168,0.8237398833447833,-6.005161058899448
177,0.0,0.0,0.40397172695039196,0.03933907073918952,-11.324648388153658
178,0.0,1.0,-0.004702953530328402,-0.214511329376982,-6.3767712025785634
179,1.0,0.0,0.31493235046303814,0.8255048038409633,-10.729905985360157
180,1.0,1.0,-0.23200098973826583,0.27655224149127283,-1.9104205393850537
181,0.0,1.0,-0.056877358120416166,0.1832092725962038,-6.736143594594538
182,0.0,0.0,-1.8846366137138026,2.090270590158037,-11.173958247638925
183,1.0,1.0,-0.8403817766484097,-1.3969400334704891,2.3526201194458087
184,0.0,0.0,-1.3739380453062788,0.8082638226649512,-6.149809594560615
185,0.0,0.0,-0.1475780413455136,-0.2650194544464879,-8.943503128169773
186,0.0,0.0,0.9536399445037034,0.08531984381488811,-14.233453727935734
187,0.0,0.0,-0.6797811088946444,0.13516285897837294,-7.445471322029341
188,1.0,0.0,-1.0009463026896612,-0.45853523321689266,-2.6139295612532565
189,1.0,1.0,-1.0662320964355123,-0.90824387650267,1.6453624249244405
190,1.0,0.0,-1.502997923593427,-1.1340954536739905,0.6813394941608584
191,1.0,0.0,-0.5288891125411295,-0.9148843083446654,-0.628589037555777
192,1.0,0.0,-0.48298535039459284,-0.326072690604139,-3.826535454684988
193,1.0,0.0,-0.8066271145446626,-1.3950252609604141,2.2509216035640147
194,0.0,1.0,-0.1638802128282321,0.8458029746051012,-7.964284673830349
195,0.0,0.0,-0.9108634021050425,1.035555559885723,-9.391977201618479
196,1.0,0.0,0.5937463076223793,1.010821234196103,-14.157242791853147
197,0.0,1.0,0.8865141504764267,-0.5320343522492696,-7.974610001652244
198,0.0,1.0,-0.8245160670320493,-0.42758986353702766,-1.1429608150441242
199,1.0,1.0,-0.5581260681703591,-2.0467121592006063,5.283454308701447
200,1.0,0.0,-0.8158961413663359,0.026104256160210837,-4.338547045553145
201,1.0,0.0,0.981361225406912,0.5148453231846717,-9.73855736832402
202,0.0,1.0,-0.9419674305418206,2.3755537483124183,-10.64911531230035
203,0.0,0.0,-2.0791988576752933,1.5875346509636594,-5.987912995394103
204,0.0,0.0,-1.0005608259467613,1.1428851420342103,-12.69765727655819
205,0.0,1.0,0.9915911118789609,-0.21203467375452134,-8.540788132669157
206,0.0,1.0,-0.49823034356473056,0.8957091173600442,-6.178873252771844
207,0.0,0.0,-1.7983500555762395,2.073486477569051,-10.996559880430658
208,0.0,0.0,2.604568549146671,-1.146185606115765,-15.563619641488874
209,1.0,0.0,-2.629631188219054,-1.4034509257643162,6.415232722202381
210,1.0,0.0,0.3312250511382554,-0.7901295196797167,-4.008420375396387
211,0.0,0.0,-1.0949930518612057,0.7907218798572764,-9.77037694303278
212,1.0,0.0,0.35328091438751297,-0.21660651420424204,-3.722169263458979
213,1.0,1.0,-1.7962287559070493,-0.8546027612521533,4.325757766749036
214,0.0,1.0,-1.529125222828541,0.1103663592729287,1.4646861111174725
215,0.0,0.0,-0.40756377456408016,0.4517598241486358,-10.40486526036099
216,1.0,0.0,-1.0755890707501907,-1.3267304481033446,3.123016441521612
217,1.0,0.0,-1.6657278945461724,-0.28775869327097436,0.7434708820174016
218,0.0,0.0,-1.4120264762612922,2.1728631556468847,-11.580307043341037
219,1.0,1.0,-1.3758702654416006,-1.336480100186226,6.070314675384557
220,1.0,0.0,0.35697596107152196,-1.0355194517859347,-3.507212855477462
221,0.0,1.0,0.42883564056658385,-0.02838646565210251,-5.91443331464561
222,0.0,1.0,0.6225844610036397,-1.4333204210422097,-4.170539545509692
223,0.0,0.0,0.18432656140696668,0.966819075789856,-13.806429914518635
224,1.0,0.0,-1.331080913694076,-1.2365623407304336,1.7420926982555613
225,1.0,1.0,-0.4472453259928729,-0.04908141380792286,-1.2766891800027742
226,1.0,1.0,-1.6856724337567421,-1.9809630275379497,6.026425268830484
227,0.0,0.0,-1.4976756821597406,2.300831154666101,-14.084431947565022
228,0.0,1.0,-1.7314021381921938,0.945197204361084,0.1404730138242769
229,0.0,1.0,-1.6527625588790646,0.5245802354492481,-1.2456325059239006
230,0.0,1.0,0.5635613456017597,-0.1295038202623452,-5.456757204840658
231,0.0,0.0,-0.07779250930533205,0.5747175216160041,-12.453068284968985
232,1.0,0.0,-1.0509429228436655,-0.7168798147231055,-0.23852537899071802
233,1.0,0.0,-1.153679125133883,-0.8823618361202882,-1.0623756004035587
234,0.0,1.0,0.646443815000656,0.29069533048355456,-10.109399521261413
235,0.0,0.0,-0.0744946457281806,0.15317532170701248,-9.719986901458814
236,0.0,1.0,-0.6314411278377527,0.7441355162558742,-2.9387181474422035
237,0.0,0.0,-0.29653267555863255,1.358329893238556,-15.396156250167948
238,0.0,1.0,-0.6808800627939351,-0.3669468426496828,-2.0730972412032393
239,0.0,1.0,-0.554668034883269,1.343775444439082,-6.434742280735796
240,0.0,0.0,-0.42154392782840916,0.9119512696665185,-10.272814090195684
241,1.0,1.0,-1.5055627268966683,-1.973376572457432,5.490023408513011
242,0.0,1.0,-1.6123775051921412,1.4298432719000718,-3.120381523535924
243,0.0,1.0,-0.05929194873687105,0.04093797823417597,-5.455454007195028
244,0.0,1.0,-0.2578855925760192,0.15723357968774782,-6.546006617554454
245,1.0,0.0,0.03444880078872986,0.06044252381695542,-4.893907444152998
246,1.0,0.0,-0.491640614169986,-0.5447799084014616,-2.482812576831125
247,0.0,0.0,-1.5613685816838776,1.4510291683106562,-7.809443466318991
248,1.0,0.0,-1.5955962560264885,-2.226694709850089,4.560293787763765
249,1.0,1.0,-0.53455575663094,-1.1688944775214327,0.7081049036138047
250,1.0,1.0,-0.5300868637222975,1.341470457779017,-5.498239242036427
251,0.0,1.0,-0.3385403874770809,0.5164142585652927,-5.436339043003017
252,1.0,0.0,-0.797912663209475,-0.25114575167118763,-2.157010222309685
253,0.0,0.0,-0.027764940434255703,-0.843460844777026,-6.58263998270424
254,1.0,1.0,-0.14050514299028177,0.22625657422541517,-3.850063485550771
255,0.0,0.0,-1.5408386583665734,1.978343648874925,-12.01168523879823
256,0.0,1.0,0.5145295432549322,-0.07118015843844239,-7.595684829734219
257,1.0,0.0,-0.6563768214867398,-0.5489230618473003,-2.4761634474714853
258,0.0,0.0,-1.1118326622218957,-0.6859689934288887,-1.1411578453975908
259,0.0,0.0,-1.2543972258870864,1.9866891994627407,-12.839534806292736
260,0.0,0.0,0.3640924882084253,-1.4259797722324337,-4.541528375047758
261,0.0,0.0,-0.5088613751856517,0.5278561406538524,-10.34018820974406
262,1.0,0.0,-0.4121448564924592,-0.050307333019989575,-4.677268209292237
263,0.0,1.0,-2.2005816599826735,3.534491573791662,-5.566917117952875
264,1.0,0.0,-1.7362233743090745,-1.956308951486329,5.125711792911063
265,1.0,0.0,-0.77756229605516,-0.8148414924542826,0.3908820450824333
266,1.0,0.0,-1.608028213170266,-0.9994655194648967,0.7096127613292538
267,1.0,1.0,-1.7501916799412156,-0.21109470914923145,2.81786438419375
268,0.0,0.0,-0.33586321591069423,-0.4730297600436774,-7.070487433243615
269,1.0,0.0,0.17808165015211486,-1.4817253608760275,-0.37977707793729776
270,0.0,0.0,0.35654541938028705,-1.0742852572661516,-6.0916860397700745
271,0.0,0.0,0.8339770771857065,-1.0054142170235916,-7.623223848160837
272,1.0,1.0,-0.027289855428522802,1.2299749308668366,-5.164598683041163
273,0.0,1.0,-1.1794986733657953,0.02595969664151243,-0.9284044386896446
274,1.0,0.0,-1.9019929180740152,-2.7625976339179386,9.004519708827456
275,1.0,0.0,0.4781597839039555,0.7455979979323352,-11.096362192262447
276,1.0,1.0,-1.610361694419095,-0.37825394115240096,-0.3407923186181687
277,0.0,0.0,0.5156971501706027,-0.5911085692142561,-11.495289965181755
278,1.0,0.0,-0.2289901088877441,-0.10019060588824431,-4.984966548160851
279,1.0,1.0,-0.847889468651003,-0.5956706700581144,-1.360661065560227
280,0.0,0.0,-0.6041798874866751,0.4965829217774174,-9.763447582996571
281,1.0,1.0,-0.05475762581152671,-0.8428425657641195,-2.5742183699386496
282,0.0,0.0,0.3452908335432705,1.1571210607736644,-17.30465654816981
283,0.0,0.0,-0.21157346028986335,0.5640448017621662,-10.625602395055873
284,1.0,1.0,-0.26635926738193183,0.23937460310815445,-0.8687253120703242
285,0.0,0.0,0.41668389333056377,0.1164272950388659,-10.246282763622691
286,1.0,0.0,-1.6688059172837746,-2.276345499409696,6.998385995462702
287,1.0,1.0,-1.2769844743365786,-1.0516508518979268,3.5825908968986955
288,0.0,0.0,0.46144542838024527,-0.8388139377686545,-8.550923568960185
289,1.0,0.0,-0.6433254142707471,0.1612913618746441,-5.5622849830242185
290,1.0,0.0,-2.409104190592969,-2.020046486117545,8.21813256200405
291,0.0,1.0,-1.6459621888724243,1.2054108911072225,-2.4203202461706574
292,1.0,1.0,-2.482087512367317,-1.5126686446237008,5.216088943571438
293,1.0,0.0,-0.04420091889117583,-0.3506081929113096,-3.2385770911773353
294,1.0,1.0,-0.5457389450867157,0.752767654160136,-1.8145375221308089
295,0.0,0.0,-0.8963505364820801,0.5548110792857762,-6.558257004299369
296,0.0,1.0,-2.3036523536560334,1.9700204092852402,-0.8945965584897877
297,0.0,0.0,0.032530494141828015,-0.960700514439694,-6.06199553347261
298,0.0,1.0,0.016511635027780747,-0.010518350834111073,-4.786178282248297
299,1.0,0.0,0.426081210353623,0.5999096021771787,-10.067532534763703
300,0.0,0.0,0.3511753075089178,0.470443244294966,-12.360349385127204
301,0.0,1.0,-2.302257506864636,3.4829979411916123,-4.2369027646554285
302,1.0,1.0,-0.9699727064969665,-0.7574677427716124,0.4620882757500073
303,1.0,1.0,0.5645728601606484,1.3649015065583563,-4.47459194978277
304,1.0,0.0,-0.5575505753560457,-0.9239793136873707,-0.8722437992318985
305,0.0,1.0,-0.31792149397121905,0.19715089395404636,-2.8999024470411285
306,0.0,0.0,-1.8185186693613649,1.0599755506962425,-3.816936825354132
307,1.0,1.0,-0.020801549658719554,0.9156222336059605,-4.3480444035905075
308,1.0,1.0,0.5792278696399694,1.3619247280573048,-6.091569918695761
309,1.0,1.0,-0.46061516905403715,0.08787940493277241,-3.2272803486737143
310,1.0,0.0,-1.8154337450145774,-1.5998425157616107,6.492947513382801
311,1.0,0.0,0.1144166396789914,-2.052102686958985,2.006420093609419
312,1.0,1.0,0.1562739841359968,0.8042963054323391,-5.094850539951651
313,1.0,0.0,0.3992299874691996,-0.3339733793547076,-5.477857477398609
314,1.0,0.0,-0.02167257174456838,-1.1149612204051358,-2.3336884171282626
315,0.0,1.0,-0.5761521901360043,-0.13509245676699017,-3.3903783674572505
316,0.0,1.0,-1.6949698097965546,1.9049016930937546,-3.775958143549731
317,0.0,0.0,-2.8788900863695317,2.9902845249004395,-10.120863425804721
318,0.0,1.0,1.1196172102651074,-1.4511499630077034,-7.4662054194013034
319,1.0,0.0,-1.7499330461464242,-1.8420636758298972,4.9700281593397975
320,1.0,0.0,-0.059142467494887885,1.530263445268069,-12.411400274725235
321,1.0,1.0,-1.9208634782688303,-1.596545807553482,7.620618202508236
322,1.0,0.0,-0.59238827159851,-0.6160060987361007,-0.42470327594084
323,0.0,0.0,-0.8389204520257432,1.0453719103648498,-11.144442475085697
324,0.0,0.0,-0.33398936887166,0.18470736006911948,-9.7422148948259
325,1.0,0.0,-1.818859331351831,-1.102948984704697,4.464164062993301
326,0.0,0.0,-1.9640964034366362,1.5311689136463011,-7.374596524508748
327,1.0,0.0,1.530910360304842,1.3023755922408073,-16.00792070077641
328,1.0,0.0,-0.5505444865299829,-0.5867676906267876,-3.0459627482297327
329,1.0,1.0,-1.54016617067561,-0.08966382939346684,-0.8754801402855144
330,0.0,1.0,0.3622947435005729,0.9611149014636569,-10.474443880202077
331,0.0,0.0,-0.3376182322311361,-0.9943671080955159,-4.347948196584746
332,1.0,1.0,-0.6425719553608285,-0.07530821906058865,0.6389111811940542
333,0.0,0.0,-0.8486344706057076,-0.2197091568105467,-5.0139825858137606
334,1.0,1.0,0.4201462304176494,1.494209974899239,-7.049794606056236
335,0.0,0.0,-0.07997458810754055,1.0735854514294787,-10.660795990299714
336,0.0,0.0,-0.8459673856276682,1.4215172876933266,-11.657751994230004
337,0.0,0.0,-0.7267947455759152,-0.06638948213303664,-4.830046979802718
338,1.0,1.0,-1.7426009082818616,-2.2080120106857066,5.498511106465863
339,1.0,0.0,-0.22019024568986514,-0.09390297019888837,-6.1654992103313155
340,0.0,1.0,-0.6941381423555302,0.2606578089887952,-4.191698249978184
341,0.0,1.0,0.40875832598716,0.28661365341220213,-7.400202596378552
342,0.0,0.0,0.7232430627624769,-0.320332250349036,-11.696455591623645
343,1.0,1.0,1.439729435092704,0.8367973556940697,-10.086287585732777
344,1.0,0.0,-0.49868236122661797,-0.16193025485982449,-5.424404246528414
345,0.0,0.0,-1.5757617798766794,0.8234103828094577,-7.370877215369461
346,0.0,1.0,-0.9394055083271895,0.04340270288254677,-2.1989796590753965
347,0.0,1.0,0.5477903344509821,-1.0960963607194392,-6.607454518631355
348,0.0,0.0,-0.6556518470273489,1.869933701568637,-13.420171184945717
349,0.0,1.0,-1.5201317390148805,2.295102792577442,-5.984902511662706
350,1.0,1.0,-1.2324196822318174,-0.6028159308005139,1.1393590704214587
351,0.0,0.0,0.5709397717163993,-0.7668701585073585,-10.040826704945328
352,0.0,1.0,0.45894539369378173,-0.33043156317497,-7.058154297408286
353,0.0,0.0,0.7291425927385655,-1.400619111584961,-6.402348279205175
354,0.0,1.0,-0.321326751628111,0.20209187197652084,-5.596960731008574
355,0.0,0.0,-1.4787700563416317,1.5608363078352752,-8.969685922688567
356,1.0,0.0,-0.3529960862124118,-1.0136605804847891,0.11831267116343414
357,1.0,1.0,-2.1145825236496347,-1.1961292966998203,6.268079984175793
358,1.0,1.0,-1.3867401485069295,-1.0691698187152439,3.9972693662238674
359,1.0,0.0,-3.0624527591147745,-2.794976184588737,13.115118448460983
360,1.0,0.0,0.11143624458566082,-1.034757119836147,-3.772071496739871
361,0.0,1.0,-0.8402130701976205,0.7077395903080206,-0.3437873567114451
362,1.0,1.0,-1.8261638579257249,-1.4585928897679075,4.90876262880845
363,1.0,0.0,-0.910955411226057,-1.195632682557854,1.3421375116959169
364,1.0,0.0,-0.48391754234867923,0.6383474387914432,-9.050650152523808
365,1.0,1.0,0.6463709517018421,-0.10549104101798767,-3.2746103272218097
366,0.0,0.0,-0.15418799520813942,0.8185976573947535,-11.535977013606825
367,0.0,0.0,0.01911351752913376,0.4988256726430427,-11.384752744527225
368,0.0,1.0,-0.32117058354635,-0.25177616476508197,-4.376939498354704
369,0.0,0.0,-1.3195967723924555,1.3498498138506732,-11.370710711146643
370,0.0,1.0,-0.5887957934676721,-0.003067617166640668,-2.8444933060469966
371,0.0,1.0,1.441869570822298,-1.0292299895039478,-10.920626244350753
372,1.0,1.0,-1.633397572715962,-1.463737653404592,4.644537285855225
373,1.0,0.0,-1.8155954084836226,-1.8318361133092598,7.422325544063914
374,1.0,1.0,0.19835102808972982,-0.6007403204210588,-1.0639979698123447
375,0.0,1.0,-0.8999813689507654,-0.003486522167186812,-2.2662776110514296
376,1.0,1.0,0.027466496289056175,1.5688728050989502,-7.959299008779311
377,0.0,0.0,-1.9429881003009124,2.0370326229550706,-9.784531745790005
378,0.0,0.0,-1.3689665413723433,-0.2418757524148909,-2.314717907849728
379,1.0,1.0,-0.6295895098996717,-1.0093096960607257,1.2767950419673042
380,1.0,0.0,0.9805859178136085,1.7953548756947217,-15.78621489711631
381,0.0,1.0,-1.4938020040585973,2.072211452778898,-4.933132771586695
382,0.0,0.0,0.5778633285573263,-0.47761402828266897,-8.96971274879593
383,1.0,1.0,-1.63327735443836,-0.7241523812083023,2.079908387817121
384,0.0,1.0,-0.5992477774063407,0.3687386278211387,-5.457142331384969
385,1.0,0.0,0.36633999538650375,0.1862538182340002,-6.661036179393168
386,1.0,0.0,-0.5291353569761259,-0.6904187566436302,-0.210150227430276
387,0.0,0.0,-0.5712326435399069,1.2763954223074188,-14.220937643471718
388,1.0,1.0,-0.18304843831979925,-1.4676225710854127,2.5030567391926564
389,0.0,0.0,-0.471649823760925,1.4825280105429415,-13.948733206118964
390,0.0,0.0,-0.189374428540441,0.05486627567201319,-8.4912144065012
391,1.0,0.0,-0.4879849754375022,1.1507523885153732,-8.109649646277877
392,0.0,1.0,-0.0886956710342659,0.8462882904080141,-6.271225141363233
393,0.0,1.0,0.01975444788154318,0.4944216510346001,-5.853135086826524
394,0.0,1.0,-2.0222483987369144,1.1240591802222604,0.9504679949072785
395,1.0,0.0,-2.8457884133054456,-2.0212988905492946,7.260691948166037
396,1.0,1.0,-2.0119698511187454,-1.6545379633583368,7.8196519643711655
397,1.0,1.0,0.03582307478103591,0.3552380811611064,-2.6277359419859083
398,1.0,1.0,-0.4832784017800757,-1.2901230886724133,2.799730656098525
399,1.0,0.0,-1.8942340228887125,-0.8416947483813528,1.4057285040177088
400,1.0,0.0,0.06011179912364495,-0.7990647247543479,-5.629181076333149
401,1.0,1.0,-0.5966501176663942,-0.34915503107882684,-2.4371049352796446
402,0.0,0.0,0.32756565832735196,-1.0948227780621809,-6.368874628320964
403,1.0,1.0,-0.3837065218184932,-0.07186095448520063,-0.7559333973118294
404,1.0,0.0,-0.12489163886589028,0.5579900365447262,-7.34061080549491
405,0.0,0.0,-0.27988350910337023,0.829417770962474,-11.634881980787304
406,1.0,0.0,0.5593712647552324,0.4970417323844184,-10.214428747149206
407,0.0,0.0,-0.8416579099225454,1.3062519194143078,-10.17639872502699
408,0.0,1.0,-0.3160647531320481,0.5716033269576455,-4.585294271695495
409,0.0,1.0,-1.2615655615237045,-0.5267066451892197,-0.27036404472399056
410,0.0,1.0,-0.8746412784753905,0.11101427958115129,-1.8844840595532868
411,0.0,0.0,-2.4961672732533873,2.153648460604746,-7.87216081232522
412,0.0,1.0,1.4534676903426493,-1.3114446605735572,-8.082368034123068
413,1.0,1.0,-0.28056513679941836,-0.354552368674862,-2.0374112404797637
414,1.0,0.0,-0.8983169375543056,-0.9370387273294536,-0.7959685383707917
415,1.0,1.0,-2.511044024474759,-2.956061061110963,10.14170473405408
416,0.0,1.0,0.11288240466735311,0.3290998338139852,-7.672734555985717
417,1.0,1.0,-0.4077759202757791,-0.400075663600588,-1.5925611788413914
418,0.0,1.0,-0.00601768839530159,0.1515994052780136,-5.76284305873139
419,1.0,1.0,-0.03340732849905653,0.8473934124850424,-4.633092888152417
420,1.0,1.0,-1.3979069945003104,-1.0215565706755776,4.888421271968758
421,1.0,1.0,-1.9938651039962763,-3.1343285237282865,10.179976430022878
422,1.0,0.0,0.24167044041280816,-1.267500023204423,1.4475291397159005
423,1.0,1.0,-0.7498523492851228,0.059410618796838954,-0.7716487053033712
424,0.0,0.0,-0.5393667405980697,0.300342071121892,-9.824378174796209
425,1.0,0.0,-2.677104494473625,-2.1161511148993357,8.547623221926525
426,0.0,0.0,-0.7137548577759159,0.33278927163919925,-8.4068849081745
427,1.0,1.0,0.24758589799350728,0.19820935152413705,-4.080374938731458
428,0.0,0.0,-0.3301996879244647,0.8738673694220798,-10.73605200036463
429,0.0,0.0,1.0180555817045223,-0.6937778858588823,-13.122959128702012
430,1.0,1.0,-0.6727334510063692,-1.117960233032047,1.18890527833189
431,0.0,1.0,1.5362782846845116,-1.3833459930849532,-9.520298098880398
432,0.0,1.0,0.1448903359288939,-0.9373417335376382,-5.190414592264147
433,1.0,1.0,0.5995765354834741,2.25966111891027,-7.858425573659999
434,1.0,1.0,-0.016382294285022914,-0.3999391565545567,-0.47137957762225824
435,1.0,1.0,0.6895048579605887,0.7315430146282943,-4.458069080276254
436,0.0,1.0,1.0978214581227566,-0.8416858436142222,-8.06228166144987
437,1.0,0.0,-0.20997618838201565,-0.19102627462120902,-3.9589909280834044
438,0.0,0.0,-1.291021169905201,0.9997579437363379,-7.64969646260399
439,0.0,0.0,1.0246180317809481,-1.1480123478662605,-7.934902386050095
440,1.0,0.0,-0.8476321845151293,-0.6968138860723397,-1.4999251635411013
441,0.0,0.0,-1.1314191619751592,0.46024548719146524,-4.987295014555787
442,1.0,1.0,-0.16000509411524083,0.6271537355227268,-1.876994819444438
443,0.0,1.0,0.19084435832742574,-1.0046844138691133,-3.7508893828108487
444,1.0,0.0,-0.11349869040756044,-0.6380721311201283,-4.5371243743518495
445,0.0,1.0,0.04161289586801509,0.3254968301742921,-6.744773037034926
446,1.0,1.0,-1.3633212995874557,-0.7251450570152932,4.630637000936586
447,1.0,1.0,1.574286866862175,1.6297503238576332,-10.692263678967512
448,0.0,0.0,-1.6378734964407027,1.4351580393421308,-8.592333190625727
449,1.0,0.0,1.217695251479643,1.2076407088257948,-12.413036327552032
450,0.0,0.0,0.5077887548049315,0.0618032581610527,-12.402066716335781
451,1.0,1.0,-1.539747064354402,-0.7650687469395493,2.091584095624736
452,1.0,0.0,-1.5295182198935748,-0.7514656076868196,-0.3044692854174684
453,0.0,0.0,-1.4253023587972706,1.1049971781202121,-8.307120156463291
454,1.0,0.0,-1.9778192663951961,-1.853607849672609,6.957266008872473
455,1.0,0.0,-1.9580254678695377,-1.8959533131688326,6.985699429732178
456,0.0,0.0,0.55666420985989,-1.3298402194023646,-4.925058470551691
457,0.0,1.0,-0.5814081002399862,0.041767739497289014,-3.516522561784626
458,0.0,0.0,-0.4315349343453598,-0.18784276172161307,-8.52332007845131
459,1.0,0.0,-0.6230116298272041,-1.5304130235667572,4.048955669629528
460,1.0,0.0,-1.0787449566838223,-1.9070274977768324,4.52834807844261
461,1.0,0.0,-0.5922972196281675,-0.4798462246142381,-3.2508788810179823
462,1.0,1.0,-0.10841443179916593,-0.89355157780848,0.12760793012705873
463,1.0,1.0,-1.9590763960709834,-2.347519116115352,6.342208789892827
464,0.0,0.0,-0.4117106452976667,1.4294983690001266,-13.752856457160817
465,0.0,0.0,-1.7629654031196111,1.5906369122203128,-7.474958229962357
466,1.0,1.0,-1.3315574439082698,-1.139583828921848,2.153724466991555
467,0.0,1.0,0.6672358417819386,-0.6381637776457171,-6.575333548328301
468,0.0,1.0,-0.18172360330850568,0.7889454993590971,-7.326045450397409
469,1.0,1.0,1.79610186940489,1.2769254593849413,-7.951614222744262
470,0.0,0.0,-0.05525302405565269,-0.22299662786714697,-10.3507944696947
471,0.0,0.0,-0.8057041579759707,1.2725088663630466,-13.084965551916293
472,0.0,1.0,-1.315933015946989,1.1311685126464286,-3.0456364928473905
473,0.0,0.0,0.36316849038717536,-0.9998869378211708,-6.073009628396186
474,0.0,0.0,0.8422322236363959,-1.0669151181773424,-8.318574376035794
475,1.0,0.0,-0.1299215714494643,1.3343694674288853,-13.253554261079307
476,0.0,0.0,-0.7594983016470012,0.43362082412154274,-7.998863155138581
477,1.0,1.0,-0.8532037189150172,-1.1902443889702687,3.107540862293585
478,0.0,1.0,-1.4375913493757755,1.440071044428151,-3.9009401123235277
479,0.0,1.0,0.07265195629258753,0.056245678024155775,-6.122584362324146
480,0.0,0.0,-1.2509211890945295,0.8983349849266024,-8.002558536445367
481,1.0,0.0,-0.34124424530133424,-0.4721679942192524,-3.2447201945831203
482,1.0,0.0,-0.843141596579194,-1.340260934034501,0.3882655269202413
483,0.0,0.0,-0.7104180444251562,-0.8541057724688567,-5.465292377416315
484,1.0,1.0,0.32961697923755007,0.2863455643896379,-4.583814478828159
485,1.0,0.0,-0.41635322438979083,-0.7927226335321862,-2.2865237043855027
486,1.0,0.0,-0.6706381529323755,-0.6925562791292481,-0.9648015692686918
487,0.0,0.0,-0.1389366563305373,0.7767884163222705,-11.777009473909578
488,0.0,1.0,-0.7315686892469047,0.5477442347760759,-5.370364817671836
489,1.0,1.0,-0.055293461428809365,0.22156093525269105,-2.5360733988466757
490,1.0,0.0,0.7556334010317682,0.3143635680306078,-10.472717558541602
491,0.0,1.0,-0.46061912456123333,0.3894063265590513,-2.8417799964393256
492,0.0,1.0,-1.3384207034153859,1.5314673855374903,-4.523118606092464
493,1.0,0.0,-0.03441142921575108,-0.21107634637044403,-4.777950990230443
494,0.0,0.0,0.3082051551830113,-0.11596660678138898,-8.825160868947686
495,1.0,0.0,0.3790864195261182,-1.0678425760912005,-4.2854577705245
496,1.0,0.0,0.09874918403005228,-0.10423973757313815,-4.68615390189902
497,0.0,1.0,-0.590400227340068,0.4181146472487065,-4.634450236331762
498,0.0,1.0,-1.7951854757997576,1.8038053965533178,-3.632427989960264
499,1.0,0.0,0.6125911432677362,0.7304175303228867,-10.10183563134819
