,product_releases-0,product_releases-1,innovation_level-0,innovation_level-1,units_sold
0,1.0,1.0,0.6665840120683182,-0.047361820756880946,0.5519734885054808
1,1.0,1.0,-1.534032356268599,-0.31306789514543787,0.47049617716298364
2,0.0,0.0,-2.1264918404222453,1.6743332214879265,7.82289873710579
3,0.0,0.0,-1.5241087928779562,0.6643147376720597,14.393524736493141
4,0.0,1.0,-1.815470799688782,0.7769035678358537,7.46317172754936
5,0.0,1.0,-2.776011351487279,1.7605130237448097,9.567669672093809
6,0.0,0.0,-0.9639380565007404,0.816567197790312,9.382254502265441
7,1.0,0.0,-2.230268442892456,-1.0026021141884258,8.888092736334858
8,1.0,1.0,-0.9611691286199275,-0.9666193360165993,-1.2278272453882044
9,1.0,1.0,-1.666764725108541,-1.281333045134009,-0.10047532470325038
10,1.0,1.0,-2.897831916616078,-1.4645108402946578,1.022677374109028
11,0.0,1.0,-2.476726653113805,1.008897339231,10.6427007386978
12,0.0,0.0,-1.9961258095583045,0.6200804530352281,14.141531875253495
13,1.0,0.0,-2.5387070035151966,-1.1561648391335992,8.492418359040368
14,0.0,1.0,-2.6354582374363966,1.0138633498382628,8.687432816410174
15,0.0,0.0,-1.9543193540688553,1.7531163145572406,8.955351735281429
16,0.0,0.0,-1.258206656468225,0.949360605675911,8.510603732440522
17,0.0,0.0,-1.9640832895597478,1.625147892829259,10.149138812188678
18,0.0,1.0,-2.954931143335583,1.8090473442795578,11.725471405529536
19,0.0,1.0,-1.7711832627662425,1.1429748629556231,8.039092092173657
20,1.0,1.0,-2.3900497303242743,-0.57232138288036,-1.5068798672981396
21,0.0,0.0,-2.531741667111193,1.5667974973717014,12.74577830283081
22,1.0,0.0,-2.4437310698211614,-1.880090438075125,7.719524340325957
23,0.0,1.0,-0.7594982545574542,0.5556448961475966,6.082812807633221
24,1.0,1.0,-1.9387297434617452,-1.138582101489583,-1.3183009806793007
25,0.0,1.0,-3.101499351438349,1.7349169272089702,10.335625736491627
26,0.0,1.0,-1.4063437820082205,1.3019897165538803,7.128935436929208
27,0.0,0.0,-0.7302187273551408,0.46265922188333813,9.924236889221445
28,0.0,1.0,-3.3200130244200916,1.344100685680588,12.260680880249508
29,1.0,1.0,-3.002108531981448,-1.6830083194863368,2.771019386070165
30,0.0,1.0,-1.8698311575281437,1.7365582563048398,8.94402495913328
31,1.0,0.0,-1.8112513884285038,-1.3749178147161794,8.369358916231366
32,1.0,1.0,-1.6222444116777914,-1.3552380814396723,-0.29851472074291685
33,0.0,0.0,-2.9762636242171845,1.4916887470969544,13.10944346600149
34,1.0,1.0,-3.076353072049511,-1.9209565365134587,-0.8686133263931022
35,0.0,0.0,-2.3173178609852876,1.613236829022834,10.916239280143468
36,1.0,1.0,-2.62784064389991,-0.7301963684973736,0.25418007425614686
37,0.0,0.0,-1.7008278369180119,0.36668565882321214,13.172180668141435
38,1.0,0.0,-1.82145519663445,-0.24878770904876268,4.018035321279482
39,0.0,0.0,-0.9561551502229387,1.1570506782802055,8.298182761500557
40,1.0,0.0,-3.9175632019768236,-2.3388101105551247,12.764620572101425
41,0.0,1.0,-1.1432903837569355,0.14057975383675164,6.863177057455545
42,0.0,1.0,-2.100245980406112,1.223507649555318,8.782433758434967
43,1.0,0.0,-3.9333365027142175,-2.0245246568219244,7.614071417078097
44,1.0,0.0,-0.7340047024143728,-0.08297020381342307,4.736099869029753
45,0.0,0.0,-1.4848106007935225,1.1902257358026551,11.55852067933106
46,1.0,0.0,-2.100309553935344,-2.212167005065451,11.07076346328407
47,1.0,0.0,-1.4691787347963787,-0.5712410475987514,7.371273335909054
48,0.0,1.0,-1.4833134237868313,1.119646204306966,8.376438564663857
49,0.0,1.0,-2.847885883845,1.6981589623709779,10.607013317913907
50,1.0,0.0,-1.6920059130932708,-0.892658383599724,6.896411465316014
51,1.0,0.0,-2.3133333864715646,-1.3752004893540262,5.87764124181259
52,1.0,1.0,-3.337702457672056,-0.8098927812906502,0.08007730568173788
53,0.0,1.0,-2.5059942886205784,2.436243205483109,10.554387431073872
54,1.0,1.0,-1.210179227037377,-0.6252859888015128,-0.38562815922251303
55,0.0,0.0,-0.7884618341619671,0.43058460178118746,8.137587571627552
56,1.0,0.0,-1.4701299240891088,-0.5538706540683507,5.19619631024008
57,0.0,1.0,-2.1917952443304727,1.4208608115578762,10.15617425137557
58,0.0,1.0,-2.326806854184622,1.0906231867755047,10.323982032474962
59,0.0,0.0,-1.0153356223474281,-0.04557734883866971,13.64457278824899
60,1.0,1.0,-2.5378552370614957,-0.8178007645744246,-0.891049538015162
61,1.0,0.0,-2.2587085070860073,0.19792356367471053,3.577635633555463
62,1.0,1.0,0.32001586373284363,0.10714029794414458,-1.2520543230870067
63,1.0,1.0,-2.509301855733984,-0.20972413140735102,1.137882723272483
64,1.0,0.0,-1.8751917234968967,-1.141756361051446,6.993568540921032
65,1.0,1.0,0.4374115833758978,-0.34921353683585793,-1.9888156884746904
66,0.0,0.0,-1.6670672857059257,1.4558912975392748,9.126608692110807
67,1.0,0.0,-1.5964298229584875,-1.2276955734259978,6.540525763782866
68,1.0,0.0,-2.6128749881169395,-2.035996812271961,8.881122001381678
69,1.0,1.0,-2.3258120167135905,-0.444699220938099,-0.5795047292818172
70,0.0,0.0,-1.6876991358741804,1.3443844168793484,8.237120743350665
71,1.0,0.0,-2.412474361710464,-1.6537544012419039,9.039121083619946
72,0.0,1.0,-2.7913844127883722,1.27497781260902,13.645531561786107
73,1.0,1.0,-1.143595433660204,-0.768261777172934,-0.9201581258030664
74,0.0,0.0,-2.020338278327087,1.2550364579527047,12.134664473534281
75,1.0,1.0,-1.972060446280445,0.06993114321317306,-0.46001083070408644
76,1.0,1.0,-1.218651241147493,-0.8522979111230481,1.7749266900926441
77,0.0,1.0,-2.453899963661873,1.10612788755012,11.206303885495998
78,1.0,0.0,-0.4584485186151921,-0.6553323272057925,4.493564056527949
79,0.0,0.0,-0.764868244602926,0.6816076789780422,7.729357131833716
80,1.0,1.0,-1.9034195910317024,-0.5918558765606023,-0.4844480515732634
81,0.0,1.0,-1.896826297832739,1.3754376786266793,8.715632575249007
82,0.0,1.0,-0.16845818055228956,-0.005771817442977251,5.230268098797089
83,0.0,0.0,-0.7058405534043901,0.27012482410377503,9.267672231578182
84,1.0,0.0,-1.105692700718857,-1.6460155343652834,7.508840380349374
85,0.0,0.0,-2.4519985168008422,0.26939013400003176,15.356726698150728
86,0.0,0.0,-3.0611486947183923,0.6011187315882747,15.34852330909058
87,1.0,0.0,-0.2728200048736815,0.08308821716142992,6.483175382357908
88,0.0,0.0,-1.2742369230046324,0.9284355172667611,8.698466861480838
89,0.0,0.0,-2.1085113645960627,1.0369264847866309,11.763974756910965
90,1.0,1.0,-1.065782213437136,-0.7527633989975743,-1.5364274955049608
91,0.0,1.0,-2.2214209445518724,1.333465565321386,11.148385012597881
92,1.0,0.0,-1.2456275820436336,-0.5365767728873297,7.025549054084018
93,0.0,1.0,-1.4491109671835463,0.9376739589172041,7.843540603187579
94,0.0,1.0,-3.4838960533115007,2.4416950829513477,13.317686252324997
95,1.0,0.0,-3.963197751560049,-2.703301525239307,10.14404250643274
96,0.0,1.0,-1.7431778751383709,0.01649286361758373,6.632386346780605
97,1.0,1.0,-1.0355104757370133,-0.39384263535702757,1.1463083771961742
98,1.0,1.0,-4.812207375473016,-2.980605276938408,0.941771848873123
99,1.0,0.0,-0.4864959871267005,-0.42945745359130716,5.896622992515492
100,1.0,0.0,-3.1213353270437,-1.4302620110651432,6.969200192354222
101,1.0,1.0,-0.4060839483640333,-0.4718838588919838,1.9858692026200808
102,0.0,1.0,-0.24269497838585763,-0.07373711445072992,6.739772146400078
103,1.0,0.0,-1.9801114040843302,-1.26089348610329,7.7308197379796475
104,1.0,0.0,-2.890289933649269,-2.0898311962934497,10.557963165655005
105,1.0,1.0,-0.2847031650051355,-1.0093947697216783,0.022446169791204618
106,1.0,1.0,-2.736465570363219,-1.6346014767646564,0.7021035739314394
107,1.0,1.0,-0.9211033560753924,-0.8903179645037246,0.46731374409814563
108,1.0,0.0,-2.092235813456393,-1.4469050545541984,8.52177073565173
109,1.0,0.0,-1.7503506042930355,-1.74815989391493,6.7565763555998295
110,1.0,1.0,-3.674829072869845,-2.0673146891478633,1.7817906209943555
111,0.0,1.0,-0.8438939442218725,0.46696827061587315,6.650322841999515
112,0.0,1.0,-1.1595440917913242,0.6052144217168193,7.527387338085909
113,0.0,1.0,-0.3318795146820366,-0.5664190110921044,5.2486346132908945
114,1.0,1.0,-1.6017385829483572,-1.0198123775094716,-0.6517669841550942
115,1.0,0.0,-1.5748757838830492,-1.0626569022729269,7.442206373638269
116,1.0,1.0,-1.5404538347008763,-0.6914598261409767,-1.3509340977686333
117,1.0,1.0,-2.8517960557578323,-2.143708552238917,1.2710516412971815
118,1.0,0.0,-1.2737568715490566,-0.27178983494447756,3.916770920796763
119,1.0,1.0,-0.3716263301499889,-0.7042529165439734,-0.523304256535988
120,0.0,1.0,-2.669576934905856,2.3020979680657776,11.19145473219686
121,1.0,0.0,-1.2131239782787342,-1.0710880854151243,9.170886000500547
122,0.0,0.0,-0.398834396849703,0.6843712682478392,7.947680597727677
123,1.0,0.0,-1.167163318353095,-0.03132842077017872,3.784007783674241
124,0.0,0.0,-2.024562147561863,1.6560906852043427,11.47809490347801
125,1.0,0.0,-1.2610749725367025,-0.4541882654767486,4.109997340704165
126,0.0,0.0,-1.5643194773154872,-0.13656369758097453,12.115017683043824
127,1.0,0.0,-0.31581648670758966,-0.2616331239627747,4.747600976645841
128,0.0,0.0,-1.7375917017034812,1.3496631672399806,10.814213813984864
129,0.0,1.0,-1.4752660194625324,0.7449792415538581,6.332552242348768
130,0.0,1.0,-1.8338063006116998,1.7112410949542318,8.564443984098013
131,1.0,0.0,-1.5763245165848867,-1.089375839227137,8.392526689276071
132,0.0,0.0,-1.0080906969545367,1.6425273994980063,5.408270107693628
133,0.0,1.0,-2.8885352920864724,1.67438722748942,11.834226820896937
134,1.0,0.0,-1.2736128382261669,-0.22894737515676505,5.244389625853788
135,0.0,0.0,-0.1323011764449169,0.4967391052222815,8.639235048124903
136,0.0,1.0,-2.833828610752993,1.6879921100807573,11.011285801799385
137,0.0,1.0,-2.289009395408343,1.2794967784100884,9.997167001518868
138,1.0,1.0,-0.9794330870549545,-0.10515990861978403,0.9493545826870458
139,0.0,1.0,-1.6665245637542347,1.1948085859996191,9.47321377890416
140,1.0,0.0,-1.9740061032732328,-0.6261810247304087,5.089922914933733
141,1.0,1.0,-2.8042615992366557,-1.6500219464116737,-3.9404611876161058
142,1.0,0.0,-1.5398522691574388,-0.6253350178755306,6.043432554951652
143,1.0,0.0,-2.297297922218555,-1.4379018477455554,7.488503753308852
144,1.0,0.0,-1.093523370453919,-1.3819397458328537,6.830568162463713
145,1.0,0.0,-2.9577034514258633,-1.0362932378852885,5.671888742788022
146,1.0,1.0,-1.2590195169153071,-1.4763029313196514,1.0024360111209383
147,1.0,0.0,-2.651828608652841,-0.6539957619019636,5.393348135461518
148,1.0,0.0,-0.4953795185788348,-0.7983725901063132,5.988009836970033
149,0.0,0.0,-0.46630873447559273,-0.963320661256263,12.838684469243017
150,0.0,0.0,-0.22177574515798337,0.7000321290152404,8.397190702287912
151,1.0,0.0,-0.20665972079083805,-0.3530226526565257,5.591353016065515
152,0.0,1.0,-2.3318409159730273,-0.052572435323735345,11.499848812177154
153,1.0,0.0,-0.9123283596642462,-1.0996957489221573,6.12453307663279
154,0.0,0.0,-0.6736017991397023,1.1652184037978746,7.3497001316284924
155,0.0,0.0,-2.141152136320202,0.8872157424175036,12.75029795287406
156,0.0,0.0,-1.2374681833270071,1.0244904810053743,9.879259480166791
157,0.0,1.0,-2.4763937792418074,1.1064726703251022,9.016711732123438
158,0.0,1.0,-2.15700372281415,1.5944552242803558,8.997707866128064
159,0.0,1.0,-1.5685822492574881,1.8833257474134406,6.171245242814593
160,1.0,0.0,-1.4920978875096076,-0.7300341868427007,5.668406203539106
161,1.0,1.0,-1.4555542896059983,-1.1589639046104419,-2.340985956619485
162,0.0,0.0,-1.407686127226476,0.8571358672185471,9.550597870416471
163,1.0,0.0,-2.9552995287913224,-1.7221957678236672,7.763524996871884
164,1.0,1.0,-2.8418481050631885,-1.0166330945202195,0.6011532624794418
165,1.0,1.0,-2.532742087162806,-1.1494728584532177,-0.8867656688725205
166,0.0,0.0,-0.44678210713966626,0.41116823681328185,9.916193539222274
167,1.0,0.0,-1.4841828881983608,-0.9961519017784985,8.995221754857933
168,0.0,0.0,-0.14481663674659795,-0.10383971238044308,9.377884038685863
169,0.0,0.0,-1.4814537672026182,0.6629517357220789,9.281638245381707
170,0.0,0.0,-0.8994043088906165,0.3706363620398718,10.571453490072017
171,1.0,0.0,-2.1280455039228197,-0.9396032638555674,7.181476647499631
172,1.0,0.0,-3.1588300080425906,-2.358732266523642,12.625988570239096
173,0.0,1.0,-2.378192646593612,0.4496197597850582,10.83553689820514
174,0.0,0.0,-0.514455304714174,0.7583288084839243,7.11693522821062
175,0.0,0.0,-2.5421614591826653,1.745793846127715,12.13498109635054
176,1.0,1.0,-1.0252922595459868,-0.0784444783504607,-1.3550682868752775
177,1.0,1.0,-2.960467122313922,-2.1950873764856835,0.7094182709841528
178,0.0,1.0,-1.7220334815330327,0.5533904637445509,9.174429975338237
179,0.0,1.0,-1.7957914105303427,1.6206195870402411,9.59373252489272
180,1.0,0.0,-1.8826494116137718,-0.8716787021291389,5.887903797592748
181,0.0,1.0,-1.296071000453885,1.0102504448009508,7.6490910408900525
182,1.0,0.0,-1.8691953660679619,-0.30563103528955704,6.894991031227157
183,1.0,1.0,-1.7712122886825843,-1.5241978449730427,-0.7877180029047941
184,1.0,0.0,-1.3301381217369435,0.3197742158051655,5.146166619634039
185,0.0,0.0,-2.0944814839260277,0.8196248239773646,14.438288954382898
186,1.0,0.0,-1.2426241778333775,-0.15823814568773953,5.700530030734207
187,1.0,0.0,-0.4396556372277505,-0.3304531043789374,4.88521187002904
188,1.0,1.0,1.1874583985178138,0.6349620232769289,0.6379616344045598
189,1.0,1.0,-1.917600957158119,-1.3955389381974745,0.19317419661267632
190,1.0,1.0,-2.1667050616743664,-0.8448616281459305,1.576690366628715
191,0.0,0.0,-1.347169439380362,-0.9594833427239511,15.438495601084309
192,1.0,0.0,-0.8698975568344288,-0.01352260266402816,3.88012897703838
193,0.0,0.0,-1.3632594073633633,-0.07898507292813117,11.307938944822642
194,0.0,1.0,-3.6392591002041077,1.983506258594286,13.066583823345614
195,0.0,1.0,-2.0727070861251518,-0.10187341380539561,10.262739666053713
196,1.0,0.0,-0.9400864394710183,-0.8519043751560307,6.012920546955271
197,0.0,0.0,-1.8142229363240885,0.5208963455804686,13.04678551673327
198,0.0,0.0,-2.571283583326054,0.9040738978839125,12.647082832832913
199,0.0,0.0,-3.1291111823578195,2.1043352970156306,11.836492665612038
200,1.0,1.0,-0.24478098118788405,-0.3074244963967029,-1.7809602723749576
201,1.0,1.0,-1.0875822838362053,-1.3018844006465426,2.7949754115009515
202,1.0,0.0,-1.7467958428980415,-0.8150303333809197,8.568920248238319
203,1.0,1.0,-2.493336397814841,-0.729985906556431,0.6076093604844068
204,1.0,1.0,-0.7990813715489395,-0.421994527023379,-0.21845582136181552
205,1.0,1.0,-1.2049971127741346,-1.155298977609406,-0.5067545236238686
206,0.0,1.0,-1.328960559862216,0.539507160035315,6.044627877947895
207,0.0,0.0,-1.4408141272907518,1.1785411399101218,9.671485978044236
208,0.0,1.0,-1.8771884760587465,1.0172114312384295,6.302041303171297
209,1.0,0.0,-2.1071780772339803,-1.5256407022796972,8.669420222469789
210,0.0,1.0,-1.5278897004116552,1.312284346182642,8.137027652793432
211,1.0,1.0,-0.664390870783998,0.1190302119618285,-0.07118239547782235
212,0.0,0.0,-1.8147167304796172,1.5671758539307614,11.414415745357761
213,1.0,1.0,-1.825126161521684,-0.977747949352569,-0.4185881328088117
214,0.0,0.0,-3.1316374530078868,1.2678173394700658,12.257699887873438
215,1.0,0.0,-1.9524292448180212,-1.0688252970058023,9.161675448025377
216,1.0,1.0,-2.8719146984870036,-1.1771700822848352,-0.7661848311404613
217,0.0,0.0,-2.3904222077655644,1.9540558751323511,10.05129508117366
218,1.0,0.0,-1.3826083302196912,-1.403428737162363,9.37798919211419
219,0.0,0.0,-1.7705948254340125,1.7605862377326302,9.838579903423799
220,0.0,1.0,-1.7573128834498564,1.3919800549570949,7.586464243565491
221,0.0,1.0,-2.4919783479740074,2.499078738241787,10.398781667759764
222,0.0,0.0,-3.0405769438873227,2.2934447210833993,11.717430378084426
223,1.0,1.0,-1.7255614204871488,-1.0083616262196764,-0.2835120416838084
224,1.0,0.0,-1.817360872695824,-0.5953000352709616,6.048936131362576
225,1.0,0.0,-2.173907215143203,-1.7895235173018662,7.427919804413307
226,0.0,0.0,-2.8032876961312616,1.8916119369241524,10.347149267742346
227,1.0,1.0,-0.9186661259179139,-0.0830826232382757,-0.5220698488037634
228,1.0,0.0,-3.152278202847775,-1.3593865165212258,8.833236115930736
229,0.0,0.0,-1.2769721823848998,0.9175800557751264,8.653464555963378
230,0.0,1.0,-1.613496575293007,0.3563112147373074,9.009652860792153
231,0.0,0.0,-1.3614818606681878,0.692839522910082,11.148053105041452
232,1.0,1.0,-1.3361164618538186,-1.4490186051031493,-1.3379423607893255
233,1.0,1.0,-2.078170414926797,-0.6691724962176674,-1.9778623609696835
234,1.0,1.0,-1.2063938315184228,0.037328408522771084,-0.4176455708593103
235,0.0,1.0,-1.5980904718745017,0.4293895049048314,8.853201141569478
236,1.0,0.0,-1.5480100853988032,-0.25966278783318053,5.505814860926768
237,1.0,0.0,-2.382259849649773,-0.8704952610210568,5.339394406200185
238,1.0,1.0,-0.7555893815112786,-1.0897845815701759,2.227492901600888
239,1.0,1.0,-0.08287575750994725,-0.5965073173701638,-0.8516131584564297
240,0.0,1.0,-1.6634429609821109,0.968782218528062,9.578616040809422
241,1.0,1.0,-1.9910704890461255,-1.091337703909288,-0.37732783583982865
242,0.0,0.0,-2.7000275634183053,0.429359668513156,13.512873848613339
243,1.0,1.0,-2.097709000397464,-0.8940571145777221,0.6155134856102018
244,0.0,0.0,-0.516301526288439,0.28004429096676886,9.982875151476303
245,1.0,1.0,-0.5270007174311357,-0.20658108240552248,-1.9063485800720477
246,1.0,1.0,-2.1020334747873415,-1.1658000515080942,-0.41849328979821365
247,0.0,0.0,-2.2393370014308758,1.2000924118085183,12.755418326620697
248,0.0,1.0,-3.148364795449616,2.2379754664732636,9.642702916153683
249,1.0,1.0,0.2179030897916827,0.14310816751460562,-2.252667629454514
250,0.0,0.0,-3.1349145684048825,2.5411598518256504,10.291875124266463
251,0.0,0.0,-2.3038707107331766,0.4692885319790351,11.931289336829058
252,0.0,1.0,-2.1179095529957985,0.7125844319357805,8.74294077542348
253,1.0,0.0,-0.22822933054438987,-0.3893714311641855,7.1875798198414795
254,1.0,0.0,-0.4712485994473363,0.5319126640813597,2.5553077676254334
255,1.0,0.0,-1.740710705622362,-0.9361734447660737,4.929224764664704
256,1.0,0.0,-2.0293680920627133,-0.8154398156237197,6.369024445982728
257,1.0,1.0,-1.783915446696445,-0.9516635975810477,-0.8449469535360938
258,0.0,1.0,-1.955610892956036,-0.20245790224210536,11.268032123600111
259,1.0,1.0,-1.8200892191525575,-1.1401835819437949,-0.5021988925677503
260,0.0,0.0,-0.6500438693990171,0.13511220958092726,11.541450781724103
261,0.0,1.0,-2.1661237767290022,1.0650325916795658,10.19249083201049
262,1.0,1.0,-1.9518593199268501,-2.1256137234582777,-0.03906085459064812
263,1.0,1.0,-2.621124247651225,-1.4248001970723836,1.7611707863133503
264,0.0,0.0,-1.9599223620476598,1.288100313258714,10.982029048466263
265,0.0,0.0,-0.5452471071632916,0.5015834172048244,8.16893017077163
266,1.0,1.0,-0.8594263681608794,-0.7274085133952213,-0.5785210530393661
267,0.0,0.0,-1.902726737514312,1.2876159552153683,11.778967680700795
268,1.0,1.0,-2.2046707932472964,-1.4751082660897772,2.2427963692096853
269,0.0,0.0,0.3719424440546999,-0.4635243475869511,9.236575063680494
270,0.0,1.0,-2.134418385288183,1.0075898431151078,10.552008113062476
271,0.0,1.0,-0.2447993468341758,0.7835245753458208,6.310996794272072
272,1.0,1.0,-1.5500103459811168,-1.3923734445146074,-1.5347778652979391
273,1.0,0.0,-2.1026892575621914,-1.0541367882098216,7.376221181051473
274,0.0,1.0,-1.4614039208751235,0.15987133938851095,9.050032077334139
275,1.0,0.0,-1.3478744676083574,-0.29534522203054064,5.084198480935173
276,1.0,1.0,-1.7441122287963948,-0.147147066026047,-1.1335734878359154
277,1.0,0.0,-1.6160065959646661,-1.3579021003450782,6.907026668180013
278,1.0,1.0,-1.9232015806407123,-2.5182154930141225,-0.32067119249508425
279,0.0,1.0,-1.4629596488688472,0.5612899984510974,6.6685291692239685
280,0.0,1.0,-1.1799257188539012,0.7027981479912951,6.625349641635415
281,0.0,0.0,-0.9744089841354688,1.4168752875442414,9.30691019428992
282,1.0,0.0,-0.5382926975575661,0.04274300542328219,4.318356383559266
283,1.0,1.0,-2.2690462892238084,-1.5728785201037032,-2.0634799101870676
284,1.0,0.0,-0.00615322298039378,0.4728908908747084,5.186868196510993
285,0.0,1.0,-2.7604570721133355,1.4804053440977971,12.846161151598366
286,1.0,1.0,-2.246568320689685,-1.2630020108094877,-0.270501084703632
287,0.0,0.0,-3.0216798947657724,2.0999810349168406,11.634386482659718
288,0.0,0.0,-3.7629095002838184,2.25673747066839,11.546804918471048
289,1.0,1.0,-1.0037141473708848,-0.1531808476248705,0.4071280063127771
290,0.0,1.0,-1.608644866600498,-0.09237690735636328,7.848912633593065
291,1.0,1.0,-1.4130156898828803,-0.6101531639950524,1.2227185494528463
292,1.0,0.0,-2.528159573380167,-0.7996344900117432,5.184880850456104
293,1.0,1.0,-1.1898847563633215,-0.3402267372871308,2.744079434187693
294,0.0,1.0,-1.7831990400256383,1.6720409772003977,8.922371989925313
295,1.0,1.0,-2.6886238693353346,-1.5162944627580617,1.8104638525607974
296,0.0,1.0,0.4442985889227824,-0.420313332149427,5.083986229958044
297,0.0,1.0,-1.6096483444742475,0.16673860509579208,5.819933771520535
298,1.0,0.0,-1.4084726599912587,-1.193371302846705,7.575917922691334
299,0.0,1.0,-1.717982363867629,1.131899738165185,7.516108323248062
300,0.0,1.0,-2.2933637987399944,2.3114968095761816,10.51698743842389
301,0.0,1.0,-2.102948678378389,1.1276573811998902,9.679470574129935
302,0.0,1.0,-2.2472606019473282,1.8666060460237992,11.808111493723327
303,0.0,1.0,-1.63909518182909,0.9714944687290977,7.5725653958761425
304,0.0,0.0,-1.7044433423843748,0.5519174581336472,11.745120245270776
305,0.0,1.0,-1.985944201336131,1.5703722341701354,9.050400028008783
306,0.0,0.0,-2.5268512385570365,2.086984225359282,9.819177467509764
307,1.0,1.0,-2.9215686829077328,-1.3523685122712736,-1.4397068396594155
308,0.0,0.0,-2.8522192195512885,1.0239475440510744,14.525656631135066
309,1.0,1.0,-0.9108785576163034,-1.1898989240130167,-1.0610489388370516
310,1.0,1.0,-1.3335511202356736,-0.6722516491397308,-1.7747744710786897
311,0.0,1.0,-2.5318579128030034,0.7290009506735847,10.723760916184442
312,1.0,1.0,-0.11893885622038214,0.43381919363620647,0.3117372763249069
313,1.0,0.0,-1.5657748759920154,-1.6364455484276363,7.221609418364189
314,0.0,0.0,-3.0809632895736616,2.1891167473794924,11.590823419023184
315,1.0,1.0,0.09971756263863263,0.5636258405415907,-0.7476823563261199
316,1.0,0.0,-1.2655615220533964,-0.18333295714334785,4.978778857609281
317,0.0,0.0,-2.3124523360289015,1.0660168622939699,12.727491718088071
318,1.0,0.0,-1.5630013516634718,-1.9105723933852232,8.487933122252372
319,0.0,1.0,-0.3646035460861987,-0.7917480591467234,5.3349796804602745
320,1.0,0.0,-1.2188811144350689,-1.4536105422504262,8.173537990671942
321,1.0,1.0,-0.9738629745133497,-0.6041754627969727,-0.1946068945170616
322,0.0,1.0,-1.736510187548635,1.022033418340867,7.420649241224812
323,0.0,0.0,-2.498900109937261,1.4511429463871215,11.735153099306835
324,0.0,1.0,-2.2721834042810887,1.1933116629685108,9.800837355882196
325,1.0,1.0,-1.4105191533569879,-1.4555539252021226,0.6424686481784159
326,1.0,0.0,-1.797141196004534,-0.55200004217134,4.453291666342179
327,1.0,1.0,-2.512729951472018,-1.1193161957235507,-0.19595475252549477
328,1.0,0.0,-1.8884377329393531,-1.248966616841963,9.468763977644787
329,1.0,0.0,-1.0589656330992048,-0.36918163793680003,5.984341154879678
330,0.0,1.0,-2.2438556743169755,0.23475105471485402,10.482367801092689
331,0.0,1.0,-0.8580624301780111,0.10966822042859742,3.7596745817745747
332,1.0,1.0,-1.106593687944271,0.18945158514570148,1.9323338064382343
333,1.0,0.0,-1.567356639265296,-0.6212808918175802,5.704491273402597
334,0.0,1.0,-1.694158814668033,1.3745213692903921,8.08043361452006
335,0.0,1.0,-2.4782466888225367,1.608985880876987,11.672592954801328
336,1.0,0.0,-3.0536797426864535,-1.269487012765912,8.67760260799592
337,0.0,1.0,-2.54909095163738,2.329522358211894,11.02432629578435
338,0.0,1.0,-1.3185816640586805,0.7384121565693903,6.885454624608236
339,0.0,0.0,-1.455574212388106,1.4486780853267753,7.6180790380859476
340,1.0,0.0,-3.8329638681123894,-2.676386031321657,11.409358890184429
341,1.0,1.0,-1.4341719481932655,-0.4060257200008693,-0.8514392669687494
342,0.0,1.0,-1.4658275146793283,-0.2563341934314499,8.850252943440307
343,1.0,0.0,-1.9602464175515073,-1.6077693273566196,6.139786776319231
344,1.0,0.0,-2.298098732709256,-1.9016697634156083,7.206461997000488
345,1.0,0.0,-1.318776194505809,0.3765840556696828,4.042904214694903
346,1.0,0.0,-1.465979827256906,-0.22381473307487365,4.071040660157616
347,0.0,1.0,-1.2767672804186758,0.37760578402488004,5.370940887058573
348,1.0,1.0,-2.117074076887044,-0.6477297214523243,-0.08592321923101842
349,0.0,0.0,-1.3367662379235785,0.4664487105958164,12.814949359912575
350,1.0,1.0,-1.2870207137147005,-1.2770558131477479,-1.8460184744851897
351,1.0,0.0,-0.6164168892560427,-0.03396917675597855,4.462254586079624
352,1.0,0.0,-1.383373120217858,-0.42731883100420115,5.4087575304033315
353,0.0,0.0,-1.5454003111435748,0.08656149498331112,12.287011211682326
354,1.0,0.0,-1.4385239422639613,-0.88299943510926,9.149584483415982
355,0.0,1.0,-0.24168903713053824,0.0922359116329605,4.991862082841268
356,0.0,1.0,-1.4900394991946868,0.8811779738931316,7.1392008380461
357,1.0,0.0,-3.5827076544657332,-2.532778309839544,10.160792582792038
358,0.0,1.0,-0.947541967640136,0.11119883562796562,10.298280146074013
359,1.0,0.0,-2.515240944307974,-1.7805359408364627,8.553852511314101
360,0.0,1.0,-1.2833516470297428,1.438956376224187,10.004140356114217
361,0.0,1.0,-4.724956396526295,2.662440077195247,15.261776767057588
362,1.0,0.0,-1.7447005343376536,-1.2564428094709086,6.235012242456745
363,0.0,0.0,-1.7166097749632412,1.219341485425399,11.083136230946247
364,0.0,1.0,-2.4692519885486917,1.7273592149418413,9.72033464469239
365,0.0,1.0,-0.5806053270831386,-0.04666802319482488,5.903428292734049
366,1.0,1.0,-3.5645045283292927,-2.6119635828637384,0.9371320466317892
367,1.0,1.0,-1.9667355911782873,-0.006536620010259453,-0.11302814223282187
368,1.0,1.0,-1.0989472882159197,-0.32270563162716875,0.17336735791057745
369,0.0,0.0,-0.44453154400409645,0.7170306595252806,9.175021562868354
370,0.0,1.0,-2.8763444256078143,1.4037928620197184,11.251158263420155
371,0.0,1.0,-0.4819016596269745,0.9553440754544553,5.754537117183198
372,1.0,1.0,0.2020500278186157,-0.02681682535086405,-1.365920266021325
373,1.0,0.0,-1.1843721513611891,-0.7894993190432356,6.67220167330176
374,1.0,1.0,0.21909508266877165,0.7125388682032383,0.4219156322684423
375,0.0,1.0,-2.1268504931745924,1.817915817138449,10.625127603505627
376,1.0,0.0,-2.3226530942333405,-1.7572760741206817,7.382459256400502
377,1.0,1.0,-1.0730820345081677,-0.4429224055993556,0.07259600847432468
378,1.0,1.0,-2.7485301732183314,-1.3862714738097641,1.090687613505458
379,0.0,1.0,-3.105170818176698,1.9369584871794105,12.202662163469398
380,0.0,0.0,-3.01191865019132,2.113666584140293,12.30684866096657
381,0.0,1.0,-0.05921357656937909,-0.06947187840504096,4.93731573558191
382,0.0,1.0,-2.8749553397393712,2.8347494732306524,11.181831833027514
383,1.0,0.0,-1.09189191273307,-0.47780614465453564,5.874184270069014
384,0.0,0.0,-1.9424407068661804,0.7217645577538714,11.650381444050574
385,1.0,0.0,-3.0163673826314623,-1.8325798969326637,10.97708694482165
386,0.0,1.0,-1.8221003885158482,0.08523302260887988,8.76273363166495
387,0.0,1.0,-1.680590145202165,0.05741488893749502,7.02166086588565
388,0.0,0.0,-2.2275564806999553,0.6797199562136534,14.088986848566462
389,0.0,0.0,-1.527090071898747,0.6441078404647667,11.368788727850088
390,1.0,1.0,-2.6724283123270824,-2.403170665554782,-1.199840034903501
391,0.0,0.0,-0.565377803209465,0.24137740455003553,7.82668102745432
392,0.0,0.0,-3.037229769406382,1.7895700503107128,10.045005105183975
393,0.0,1.0,-0.7573945488468194,1.3891385540489731,5.957869089076719
394,1.0,0.0,-2.134873956646782,-0.4792106962077368,6.951611203813265
395,1.0,0.0,-3.269904323343529,-1.3892020692623428,6.260955450954295
396,1.0,1.0,-1.0757907809381728,-0.6759698208030608,-0.03177783369961995
397,1.0,0.0,-0.5215484793472807,0.09673556372376602,3.6117294447614054
398,0.0,1.0,-1.0793332636217938,1.0952633479309242,6.995430961852153
399,0.0,1.0,-0.7440151920862443,0.2384744463804292,5.848700426321254
400,1.0,0.0,-1.153120748206078,0.6509517171263973,3.758139789889848
401,0.0,0.0,-1.2514702242570384,0.6634568874611885,9.200418664325822
402,1.0,1.0,-3.106492684505501,-0.5293217507036956,-1.7384927325779511
403,1.0,0.0,-3.280641060594351,-2.2888465391977313,11.074705120970627
404,0.0,1.0,-2.4388964220493476,1.8703941911535387,8.314727576684382
405,0.0,0.0,-1.7387807467292462,0.24869354265070787,12.97106073733725
406,0.0,0.0,-1.0775378305359076,0.6026273134570673,8.339026454803935
407,0.0,1.0,-3.882085549781335,1.8844965127015083,14.277906673188296
408,1.0,0.0,-1.9052583934185263,-1.6270026448345998,8.705249446437797
409,0.0,0.0,-0.9854701023544865,0.972052554528315,7.044936990880762
410,1.0,1.0,-1.3733494865382359,-0.4759799108574299,-2.0357214559360637
411,0.0,1.0,-2.537938093570444,1.9292762305269668,9.391184746598874
412,1.0,0.0,-1.3703440265339002,-1.0037746551038569,6.53389878261896
413,0.0,0.0,-1.9940590784163061,0.44117891497006134,12.779016902197416
414,0.0,1.0,-1.965700966127277,1.712177087844334,8.461811644356672
415,1.0,1.0,-2.702975268334237,-1.4610329759826872,-0.10374326801142608
416,1.0,1.0,-2.357327704561279,-0.4303667070841215,1.1310419865859132
417,0.0,0.0,-1.6050966538410534,1.0133058141841647,9.373443131007335
418,1.0,0.0,-1.4671552270441204,-1.7758474266826056,10.871204799765097
419,0.0,1.0,-2.130309799332123,0.20379343178223475,11.336612175519214
420,1.0,1.0,-3.7262104116488413,-1.107901312191138,2.2701578854839033
421,1.0,0.0,-2.3563037653319583,-1.2642083481761908,7.63418346672366
422,1.0,1.0,-1.4448232691629652,-0.9332491610094376,0.1975963141453514
423,0.0,0.0,-1.4420489256219948,-0.07266151835250345,11.993705929956485
424,1.0,1.0,-1.5852047250208399,-0.93006857047949,0.6491849707203778
425,1.0,1.0,-2.39273046765441,-1.103006714223139,1.515189735111325
426,1.0,1.0,-1.4132705332581859,-1.3359916471574962,1.1864583529050101
427,0.0,0.0,-2.9186098493143224,0.7673683474026888,12.063188752323777
428,0.0,0.0,-2.7748357204488494,1.723668919521649,9.397326598340195
429,0.0,0.0,0.68703315709854,-0.25612886485354525,7.7892517348439885
430,1.0,0.0,-2.33279331831086,-0.9231019673742626,5.6216123209257605
431,1.0,0.0,-1.8816198098711192,-1.508504852480922,8.713897150480395
432,0.0,0.0,-1.2274959984799367,1.002021157765845,8.34540789812532
433,1.0,0.0,-1.5245143606410967,-0.8067552141244235,7.222092720070692
434,0.0,1.0,-1.6153535362448213,0.6472737894372378,8.093751039100503
435,1.0,1.0,-3.068284207044515,-2.7552731143994347,-0.6267157788653219
436,1.0,0.0,-2.5658937034674008,-0.8758993668504418,5.134272558538413
437,0.0,1.0,-0.861065978701682,1.2251540374754,5.1542138945737035
438,1.0,0.0,-0.8154344952053472,-0.45735326023675843,4.147555520366602
439,0.0,0.0,-1.5947265685833056,1.5176514393352003,9.54661749357638
440,1.0,0.0,-0.48764708606087925,-0.4572846748566662,5.507180845100796
441,1.0,1.0,-1.0198086519426397,0.2815390012848329,-2.5090714726550902
442,0.0,1.0,-1.9116903709867248,0.7887831932770548,9.689316988055676
443,1.0,1.0,-0.5621101714590224,0.3437111790898964,-0.9273228273303067
444,0.0,1.0,-2.5077343429986545,0.7961043834372964,11.331088455236022
445,1.0,1.0,-2.360130389439923,-0.9769817767816962,-0.23387333304420732
446,1.0,1.0,-1.4202076882763395,-0.6663818015135538,-2.595300160420177
447,0.0,1.0,-0.45767917869064534,0.42647143616422656,4.892578186279472
448,0.0,1.0,0.18145103551346686,-0.33798795735317655,4.473140152490101
449,1.0,1.0,-2.9135506040880097,-0.7454591755439374,0.6368641951361846
450,0.0,1.0,-1.613354988464936,0.5848950135822302,9.131537312392071
451,0.0,1.0,-2.1268770841599456,0.8782957131765192,8.65985683622522
452,0.0,1.0,-2.3682184347735493,1.3669771340365866,8.491325669470083
453,1.0,0.0,-2.5136759204332,-1.9851846691196886,10.228317365605971
454,0.0,1.0,-2.611895086478467,2.3034082664412323,11.036053545625126
455,0.0,1.0,-1.0672654009970017,-0.07930783092110483,7.052661983175367
456,1.0,1.0,-3.3996470038653595,-1.467778646798004,-0.056598732623932335
457,1.0,0.0,-0.7223931639914074,-0.23222052458462122,4.8357464136980965
458,0.0,0.0,-0.5425090571618281,0.17132618908485162,11.106079130858799
459,1.0,1.0,-1.408595492976864,-0.6775853887075576,-1.7857190960075164
460,1.0,0.0,0.19936616036522103,0.912075667981548,2.736464052920891
461,1.0,0.0,-1.41380944855378,-0.8237761761310486,8.69874662435732
462,0.0,0.0,-1.3924735100767354,1.593490906479318,9.280821094108118
463,1.0,0.0,-1.422718062348539,-0.8085205794864243,5.061142904660129
464,0.0,0.0,-2.348987913168493,1.8553717192836885,11.026291616687804
465,1.0,1.0,-0.9877203168043053,-0.25391060550978656,0.43877722281592746
466,1.0,0.0,-0.2828244309053616,0.542832424548635,1.7669409013605324
467,1.0,0.0,-1.5271917193874878,-0.2010415973009102,5.955753057050104
468,1.0,1.0,-1.872710265983227,-1.1218938992114964,2.5484565521444686
469,1.0,0.0,-0.817268843441951,-0.9371558203395984,8.770074789160262
470,1.0,1.0,-3.420646435887167,-1.6000664053950073,1.5389534417425867
471,0.0,0.0,0.12650480645478135,-0.2147374094154029,8.708365916325885
472,1.0,1.0,-2.165546227673112,-1.6624543857724428,-0.4265650191479855
473,0.0,0.0,-2.0827840670676214,0.6640977922548974,13.395210876937787
474,0.0,0.0,-1.716389599873706,1.1062425539353167,10.751126524815522
475,1.0,0.0,-0.9491817233834812,-0.232738371988505,6.825018451326281
476,0.0,1.0,-2.017155064420439,0.43019974574266495,8.5034399486414
477,1.0,0.0,-2.5716800840259744,-1.5729286039428807,7.082383718306469
478,0.0,0.0,-3.186655241082337,2.459900569517021,12.415374790289
479,0.0,1.0,-3.22386344748318,1.1588017024993258,13.505884507412574
480,1.0,0.0,0.05414440142911214,-0.047326610867011315,4.725550540200756
481,0.0,0.0,-0.7909623548522398,0.15657784071697967,9.633698880285152
482,1.0,1.0,-2.0826957751635584,-0.5325295048675168,-0.6546432819213486
483,0.0,1.0,-1.670617464943807,0.5803858449326187,8.376183776425398
484,1.0,1.0,-3.1628518592070876,-2.099991088526258,0.42242663789013424
485,1.0,0.0,-1.5322906052331642,-0.9088550656238129,7.1378765439747704
486,1.0,0.0,0.06349835152244454,0.6316027527955148,1.9147822274813784
487,1.0,1.0,-2.631474725944472,-1.461963393258887,-1.424192265121036
488,0.0,1.0,-1.5867262520188723,1.525078637393427,8.526653843086363
489,0.0,0.0,-1.1181773606101642,0.5063469702601878,9.904766850666741
490,1.0,0.0,-1.0626774230854092,-1.6827741788187525,7.22386760553188
491,0.0,0.0,-2.7729939486543675,1.4770851087357197,12.21447519375945
492,0.0,1.0,-1.074202094274459,0.388573348625074,6.788300326618671
493,1.0,0.0,-0.3585400984275793,0.20824606443256402,3.102462231913674
494,0.0,1.0,-0.7557878991039084,-0.12967120012153427,6.282761515598518
495,0.0,0.0,-2.0818201989965024,1.0519568576997327,15.374288799441992
496,1.0,0.0,-3.0610261592499066,-1.3871898146881647,8.490817486234837
497,1.0,0.0,-1.0741092879946712,-0.8998698048748663,6.346560490541041
498,1.0,1.0,-3.612743108099738,-3.3153074709405654,-0.6524896635652913
499,0.0,0.0,-2.7470397050330044,1.975176858933175,13.455828011647041
