,rallies_attended-0,rallies_attended-1,laws_enacted-0,laws_enacted-1,funds_received
0,0.0,1.0,-1.2556763590443585,0.36578470350276177,-9.268747934170804
1,0.0,1.0,-0.27523410720489794,-0.6435078364160429,-8.597962981156929
2,1.0,0.0,-1.022100610296846,-0.42607597088053073,-10.581140400538239
3,1.0,0.0,-1.9623778901000413,-1.2409071695212583,-11.537912605608637
4,1.0,1.0,0.4045273137487828,0.8183572814222333,-13.035656994074118
5,0.0,1.0,-2.675256215457967,0.6727285480027508,-11.449982229291122
6,0.0,0.0,-0.6907157042750096,-0.6843310466453534,-7.316897171363093
7,0.0,0.0,-0.13331627783348976,-0.6615636994359323,-4.437388795426985
8,1.0,1.0,0.22663391657000942,1.1680976145698418,-12.863376910079161
9,1.0,1.0,-1.5224043124296132,-1.426874845195608,-9.691780505602088
10,0.0,1.0,0.14655007164148337,-0.8193080264465578,-9.839419150682113
11,1.0,1.0,0.22061674659223862,-0.32475062923275455,-13.061675084517585
12,1.0,0.0,-0.8904420206400401,-0.4991574753176189,-11.475854413530023
13,0.0,1.0,-0.46739542165667103,1.2540502765690813,-9.062362762088274
14,1.0,0.0,-0.7924838219812995,0.15098063989051058,-8.458835808131807
15,0.0,1.0,-0.4530487741294126,0.10806431428204319,-9.806183820243936
16,0.0,1.0,-0.20778851431165313,-0.5201404631634841,-8.546620041309174
17,0.0,0.0,-0.655963034537126,0.9460275412840189,-5.3743984684605195
18,0.0,1.0,-0.4014452192845456,-0.47395118334254177,-8.452529368300109
19,0.0,1.0,0.0871837396740629,-0.3587947621175973,-5.081835830024273
20,0.0,0.0,0.6237549183276243,-0.387595781561485,-3.767378827054282
21,1.0,0.0,-0.18394180544294192,-0.236253965040154,-9.879954140116109
22,0.0,0.0,-0.8477844905786552,0.6754855171676138,-4.755971822561495
23,0.0,1.0,-0.08087102603554164,-0.35667993103149837,-7.358963682269515
24,1.0,0.0,-0.8963317846078327,-0.10535585178945384,-9.768180915570744
25,1.0,0.0,0.271874328503384,0.333760026679766,-7.689840824224099
26,0.0,0.0,-1.4437623280969474,0.7787638888112504,-5.442301532096923
27,0.0,0.0,-1.533286135706978,2.0106580825994054,-3.9473063636725527
28,0.0,1.0,-1.4519538469692133,-0.6197303621647342,-10.361044800678451
29,0.0,0.0,-0.7369509422018533,0.4378401345580254,-6.8754689452935835
30,1.0,1.0,-1.1946095605725693,-0.30355858438980354,-8.998584649930645
31,0.0,1.0,-2.977713782230761,-0.4726672845203934,-12.861758790398532
32,1.0,1.0,0.1577948271810986,-0.1951847790197319,-9.101515215108698
33,0.0,0.0,-2.478197033311913,1.5740795107748873,-5.6404128195747125
34,0.0,0.0,-1.3959222773284168,-0.0935468725061156,-8.186177914723375
35,1.0,1.0,-2.7179042249852534,-1.2850822120011605,-10.783421682859212
36,1.0,0.0,-1.4545500920804089,-0.5200055076941158,-9.612063061433375
37,0.0,0.0,-0.7898870446489793,-0.4977712163342532,-6.508851112829166
38,0.0,0.0,-1.3256776478945211,1.6202799794648932,-2.924539912407242
39,1.0,0.0,-1.6345738864611574,-0.5263257235349089,-8.731801641125449
40,1.0,0.0,-1.4168938552137265,-0.5147965091603468,-7.8943148624721635
41,0.0,0.0,-0.17293011446012418,0.05654153472757781,-4.934404302114624
42,1.0,1.0,-0.10422174294648323,0.20839785504810754,-10.116841887962465
43,1.0,0.0,-1.5032067367966735,-0.02266181977008186,-9.37759294241581
44,1.0,1.0,-0.7104084992077799,-0.7517564761178277,-10.613691940950496
45,0.0,0.0,-0.1306378815917577,-0.21523329876126002,-6.03839249041264
46,1.0,1.0,-2.1985410206011125,-0.7152216088899829,-10.165993166386475
47,0.0,1.0,-0.501401905570127,0.47925652178815514,-8.583229412073726
48,0.0,1.0,-1.3123211714629937,0.14689528425972503,-8.974144309834099
49,1.0,1.0,-0.20065916373967152,0.08306076502418097,-8.251194504628465
50,1.0,0.0,-1.4762233335365003,-1.1843481568368799,-9.951434542158209
51,1.0,1.0,0.3378927164434906,-0.05837109198758497,-11.365970830412191
52,0.0,1.0,-0.3951664576728259,0.9928373530866905,-8.466979592649619
53,1.0,0.0,-1.6409937518960707,-1.0876456892361692,-8.37622665903633
54,0.0,0.0,-0.4415438426659107,0.5556494208717686,-4.719063990944548
55,1.0,0.0,-0.11656221328813765,-0.4236021212108383,-9.35300210552364
56,0.0,0.0,-1.4168588153574317,0.28991605412775834,-5.7277746580476325
57,1.0,1.0,-1.150504530306814,-0.9443123204326072,-11.523891473830062
58,0.0,1.0,-1.2137032360252418,1.3370255001838158,-10.321261731293227
59,1.0,1.0,-2.1271023012823704,-1.328608301407573,-11.229020022864196
60,1.0,1.0,0.042839729392315506,-0.02153519158109903,-10.025878298248811
61,1.0,1.0,0.7466268867564165,0.23767386861988843,-10.731906884600464
62,1.0,1.0,-1.9049290312241127,-1.321919400961946,-10.204865548023282
63,0.0,1.0,-1.3870784744347047,0.2129672924293154,-12.548187404076234
64,0.0,1.0,-0.023437853692000576,0.27391045561327965,-10.647732732505382
65,1.0,0.0,-2.379530225240864,-0.6776952131871065,-11.056399300620312
66,0.0,0.0,-0.8157391424373244,0.07147347069629884,-5.430723644726914
67,0.0,0.0,-1.9910378171583596,1.2369295627330523,-5.2329540571027175
68,1.0,0.0,-1.8023404207162284,-0.49864447268927026,-9.784746011794835
69,0.0,1.0,-2.211398795464598,1.1573846407470225,-11.596065850854782
70,0.0,0.0,-0.6163012859857385,0.5822429799764661,-6.8980612787704665
71,1.0,1.0,-1.9872320416025318,-1.1940930531211826,-10.424768595431962
72,0.0,1.0,-1.1995358241532483,0.07790377157554812,-10.155340941066662
73,0.0,0.0,0.14408704557487295,-0.768055085708361,-5.34507539202962
74,1.0,1.0,-2.2103175568571753,-0.6618770664421378,-10.679101657691849
75,0.0,1.0,-0.7711202293225146,-0.36563161305806097,-10.148848656477075
76,1.0,1.0,-0.011121939895236244,0.850233755056078,-9.738800184644646
77,0.0,0.0,1.3441387997683711,-1.1059282505929844,-4.2754194469378675
78,1.0,1.0,-2.258307964714751,-0.6044953844310779,-9.919097589934589
79,0.0,0.0,-0.7953372419771455,0.9565106650245159,-5.380487369401898
80,0.0,0.0,-0.830348453959383,0.11533333763303513,-6.184307561676944
81,0.0,0.0,-1.3709085367675313,1.0718076748364143,-6.142232451673152
82,0.0,1.0,-1.5271026252874924,0.3015384928739827,-11.702991540241781
83,1.0,1.0,-2.2700143088744875,-0.46370782134658106,-11.806526503778553
84,0.0,1.0,-0.5936285272622283,1.0398488349119963,-7.002146325836061
85,0.0,1.0,-2.4994391346424356,-0.5824521334697053,-12.007414119087215
86,1.0,1.0,-1.8436366389607362,-0.9486402035186227,-10.936958049458436
87,1.0,0.0,-1.748095418537013,-0.9656765889405359,-10.893121478211405
88,0.0,0.0,-1.530545941691301,1.25104632427492,-5.257113479180551
89,0.0,0.0,0.33258923963501275,-0.8649885448724105,-5.368552888352397
90,0.0,1.0,-0.001878669252900922,0.5137307976650612,-8.968427403645816
91,1.0,1.0,-1.0795225619588704,-0.007639911904421592,-10.531828198051056
92,1.0,0.0,0.3516845170196443,0.3825977330626007,-8.850339036470105
93,0.0,0.0,0.3165433376725135,0.24038262614523456,-3.289018089056532
94,1.0,1.0,0.45091380245754964,0.3297150441062192,-10.428781138037849
95,1.0,0.0,-0.8554937040894806,-0.25642467627029547,-9.805698049928857
96,1.0,1.0,-0.3583055865516483,0.18020279055556068,-12.728400021308138
97,1.0,0.0,0.8157199872286509,0.18867863822787498,-7.882314844038065
98,1.0,0.0,-0.21925642017321245,0.38277929246344145,-6.268385513398195
99,1.0,0.0,0.3986126158789265,1.1387683625327552,-6.290583845256029
100,1.0,0.0,-2.333612758762368,-0.06428399599659684,-6.598418105971422
101,1.0,0.0,-1.8073704806873445,-0.945584588985017,-10.174811097030727
102,0.0,0.0,-1.9431719260429463,1.8405073768177838,-7.283586272673242
103,1.0,1.0,-0.2681087548377574,0.09845793468380196,-11.017097210748531
104,1.0,1.0,-1.3547885923141023,-0.42075378106971567,-10.412852164922764
105,0.0,0.0,-1.648041264003868,0.7738624145988386,-4.44149657643513
106,1.0,0.0,-1.08598108280081,-0.7348191364135235,-10.224006851995444
107,0.0,0.0,-1.204053978335859,0.2944397570823613,-7.724080626772039
108,1.0,0.0,-0.45505353242885455,-0.30987718188272145,-10.131234859004467
109,0.0,0.0,-2.0850030410430973,-0.2422504441222032,-8.61377898740594
110,0.0,0.0,-1.2852652820253307,0.7209434807557015,-6.909831364384417
111,0.0,0.0,-0.9392402719763226,0.010354697355104636,-5.017612259096877
112,1.0,0.0,-1.607138097558586,-1.2046602875944257,-9.446461147569918
113,0.0,0.0,-1.0908702005825348,0.5270795802102247,-5.945085965465685
114,1.0,1.0,0.4569474238612936,0.710769852600565,-9.922884079260852
115,0.0,1.0,-0.8271000387198798,1.1743299102351985,-9.438618148930345
116,0.0,1.0,-0.7420011959595112,-0.5729702301560949,-11.242203790421879
117,1.0,1.0,-0.557508560766574,-0.7681201376473205,-12.414052579396188
118,0.0,1.0,-0.39391066861859186,-0.2728916814028546,-10.240255293444603
119,0.0,1.0,-1.023883468931872,-0.4813810472846716,-8.922219479973137
120,0.0,1.0,0.24326672063115562,-0.9531840756955545,-8.870081074452997
121,0.0,0.0,-0.6441926776280251,0.18179203902466592,-5.102142721820424
122,1.0,0.0,0.34036490689497834,-0.17411024765099664,-8.024923774423211
123,0.0,0.0,-1.037455655994474,0.3086654475911296,-6.57941999260931
124,1.0,0.0,-1.414001108852597,-1.4966269846874005,-10.192679655314373
125,0.0,1.0,-0.3753816825299818,-0.15750455741648756,-11.961607619610788
126,1.0,1.0,-1.7629846175136181,-1.5156796346482162,-10.152861118015409
127,0.0,1.0,0.12448640355942453,-0.045438701049404645,-5.701007435628336
128,1.0,0.0,-0.7195650093022338,-0.2711967884099581,-8.032499557021875
129,0.0,0.0,-0.5478893638916185,0.8627206959518918,-6.072827098235299
130,1.0,0.0,-1.0084156508762987,-0.38896076436509147,-9.864884016985005
131,1.0,1.0,-2.296598900069988,-0.5836881225988511,-10.64040258278975
132,1.0,1.0,0.31966320273055127,-0.015356522356681945,-9.29802897239703
133,1.0,1.0,-1.7199816699117563,-0.532398131158928,-10.735590129155437
134,1.0,0.0,-1.759461480102833,-1.3382991765089778,-8.990690671564963
135,0.0,1.0,-0.05256238384912304,0.4343564303647367,-8.217395966182986
136,1.0,0.0,1.0708882400212054,0.18690138730232175,-7.680742406801043
137,0.0,0.0,-0.8282337494376062,0.7276549109819821,-7.218779444356719
138,1.0,0.0,-1.9745639598124234,-0.5470947057998845,-7.161823080870836
139,1.0,0.0,-0.6129183390676859,-0.9187182833055072,-8.153309674431629
140,0.0,1.0,-1.2043529231067274,0.44192354726016675,-9.266971141991718
141,0.0,1.0,-1.0941877105180557,-0.2521888960742134,-10.162057835183207
142,0.0,0.0,-1.1001111045620047,-0.3073772244251881,-6.670975925430891
143,0.0,0.0,0.7687484276348266,-0.48173559638690655,-4.095871454082222
144,0.0,1.0,-2.62702793718058,0.7499776087081265,-12.586796011957583
145,1.0,0.0,-2.0009581038114463,-1.41351448511708,-10.191597934223598
146,1.0,1.0,-0.6640512795795485,0.8846096888245196,-11.83916522709497
147,1.0,0.0,0.772042334155963,0.0987777541225591,-7.310750108711981
148,0.0,1.0,0.43989193943803073,-0.28346079036660865,-8.087553706095775
149,0.0,1.0,-0.9734473614851791,1.2411532560759682,-11.785467037043988
150,1.0,1.0,-0.4783160321810894,-0.0016450116630072897,-12.213496751013771
151,0.0,0.0,-0.41679548975413167,-0.05502225476835951,-6.089194003492475
152,0.0,1.0,-0.9087519549365617,1.0355917180945957,-9.577396681610393
153,1.0,1.0,-0.9520188926476874,-0.22256328212607654,-13.45274873897547
154,1.0,1.0,-1.0584902338871771,-0.306635749488097,-11.674238292861382
155,0.0,0.0,0.4185591115653382,-0.7429184088095081,-6.161883325415266
156,0.0,1.0,-0.917744540312248,1.010771867357806,-8.45626618673418
157,1.0,1.0,-0.5544644470108308,0.2734318126033016,-12.354151106226881
158,0.0,0.0,0.38981099981024125,-0.23985880885044725,-6.3990331897730695
159,1.0,1.0,-2.1590155633634707,-0.4726566074703269,-10.619594034728749
160,1.0,0.0,-0.7802434966383138,-0.1543375223169164,-9.455549465292309
161,0.0,1.0,-0.498273040195602,-0.11787811233808834,-10.050497237786484
162,0.0,0.0,-1.231542090902841,0.1509268268640666,-6.239883047741623
163,1.0,1.0,-1.5569011679416636,-0.7306589052954691,-11.829274344332614
164,1.0,1.0,-1.069211801344067,-0.4593498686507467,-10.10811562387116
165,1.0,1.0,-0.7030080007108209,-0.198123970433046,-13.017301175106429
166,0.0,0.0,-0.9544214803017601,-0.3345175912986617,-6.615433562254662
167,0.0,1.0,-0.428261309262774,-0.01602597450178353,-9.940117155728469
168,0.0,0.0,0.13715101939161845,-1.2209428539141938,-6.328073737470939
169,0.0,1.0,-1.123814488793389,0.4126424474871914,-8.067325753200967
170,1.0,0.0,0.4893270017597675,0.26128967194140745,-6.225982827045139
171,0.0,0.0,-0.27733775759895973,-0.4135668201894034,-7.292575725307306
172,0.0,1.0,-1.0141812471663516,0.3594813227290852,-10.999013365814728
173,0.0,1.0,-1.5608969653697207,0.6380587795313738,-10.359500745019808
174,0.0,0.0,-1.1510296738886419,0.42788929100799555,-7.707239304036127
175,1.0,0.0,1.4404019198512095,0.2594634701656164,-8.782191819553844
176,0.0,0.0,-0.07041315485864874,0.026115213750971585,-4.5139743919098025
177,1.0,0.0,-0.38973997149925604,0.03843309529829225,-8.351906242305382
178,0.0,1.0,-2.315364264648502,0.8585540354658703,-11.533108357442718
179,1.0,1.0,0.14846271655560084,-0.47958516767860637,-11.253947543119672
180,1.0,1.0,-1.541463788667552,0.2325552612538071,-9.938182947586187
181,0.0,0.0,-0.7352602106383707,0.8563239756782606,-5.939040645559118
182,0.0,1.0,0.10920535521562535,-0.13083659468409672,-6.623031506090818
183,0.0,0.0,-0.41519087400268384,0.2928796432244139,-4.4267091449165505
184,1.0,1.0,-1.2606036113946133,-0.022981341503894304,-11.57327194008657
185,0.0,1.0,-0.7773968095045487,-0.4765213370186449,-9.20865034315769
186,1.0,1.0,-1.5964352979487453,-0.4498546605581216,-12.003631372574231
187,0.0,0.0,-1.4943877108962065,0.2695619122447598,-7.976233729912838
188,0.0,1.0,0.13874489890322494,0.13470318311328766,-6.001073607620567
189,0.0,1.0,-0.6254466005900934,-0.07804687434606689,-9.45943525989874
190,1.0,0.0,-0.9831284065064992,-0.36834058025522365,-9.63967181247128
191,1.0,1.0,-1.2841191860551144,-1.196778471276379,-10.650119390479208
192,1.0,0.0,-0.8083818119726056,-0.9505068490823247,-9.643118731718122
193,1.0,0.0,-0.8400206634740952,-0.7213223723870295,-10.570216706777599
194,0.0,0.0,1.5119709545624338,0.46212956376251435,-0.6673364517416751
195,0.0,1.0,-2.300902893943896,-0.0010778197179387439,-11.085101662441591
196,1.0,0.0,-0.2229966436025309,0.3735000004854822,-9.371030828636432
197,1.0,1.0,-1.6195984404331536,-1.3260381559450685,-8.309039625388433
198,1.0,1.0,0.462790111928429,0.6387740693526816,-10.354506601884445
199,0.0,0.0,0.16714103445026374,-0.972597871014624,-3.4695331662365874
200,1.0,0.0,-2.6488535172452057,-1.3034330825591225,-10.268075791596484
201,1.0,0.0,-0.14307754348967683,-0.021366152189867364,-7.856302354013206
202,1.0,0.0,0.20654554286387106,0.10415136904956311,-8.818657756209323
203,1.0,0.0,-0.14819922790785034,1.0033959843468017,-5.780622708254211
204,0.0,0.0,-1.9140928384991545,0.37526807076544155,-5.433070013739294
205,0.0,1.0,-2.4423266421963863,0.863828636258612,-10.44445456457283
206,0.0,1.0,-1.107933751226461,-0.0695859248454424,-10.709566187002164
207,1.0,0.0,-1.4202340546381569,-1.0475654004587716,-9.559006731880771
208,1.0,1.0,-1.2262073140057488,-1.4138148090783433,-10.657398945957414
209,0.0,1.0,-0.6556664251680079,0.09660874565064692,-10.082205338404538
210,1.0,1.0,0.6188440734609653,-0.292322226538851,-11.463648400007404
211,1.0,1.0,0.8480206885340715,-0.5035069710661226,-11.051723807273634
212,1.0,0.0,-0.391025885363457,-0.25247565682903567,-10.434153796596856
213,0.0,0.0,0.23517932019243115,-0.36412629538261115,-3.878849291848095
214,1.0,1.0,-0.2959521409413932,0.00822540541287424,-11.700369346453062
215,0.0,1.0,0.675572614199961,0.6530550347539525,-6.392635541214254
216,0.0,0.0,-0.5229607209017583,0.2658181268296422,-6.079005700957347
217,1.0,0.0,-1.4861696048235822,-1.079238133551422,-10.578968413088676
218,0.0,1.0,-1.2875016109201352,0.9469904450368445,-9.85774382520524
219,0.0,0.0,0.25037855882338034,-0.8219718250174122,-6.870992644307941
220,0.0,0.0,-2.468045421344934,0.32341433460825075,-7.872265126328859
221,0.0,0.0,-1.063414673451117,0.9397850132631604,-5.732872437165831
222,1.0,0.0,-1.4745707701625363,-0.8181499395169711,-9.227870963209291
223,0.0,1.0,-0.06663540808810375,-0.02524747798170986,-9.08211626208529
224,1.0,0.0,-1.7363942399791021,-0.19214931451162554,-9.021370233554206
225,0.0,0.0,-0.5588193768840484,-0.5038851465988351,-6.873993736936747
226,1.0,1.0,-0.09843406415049882,0.081405541170263,-12.967955998960113
227,0.0,1.0,-0.966421132183659,0.30656360421700213,-8.265840325606785
228,0.0,0.0,-0.9113055682048999,1.211924804516763,-5.594437832264961
229,0.0,1.0,-1.9285573055851308,-0.23695600760917845,-10.214481852782166
230,0.0,0.0,-0.033007448214405155,-0.09356033494942449,-5.976292928488563
231,0.0,1.0,-0.994622425129418,0.3381019764110628,-9.104930742916283
232,0.0,0.0,-1.9650883098732332,1.254445879453002,-4.805997110267162
233,1.0,1.0,-0.33552648891185943,-0.21182084867602946,-10.991948007774855
234,1.0,1.0,0.09305254906625582,0.7806823370474517,-14.3189060756973
235,1.0,0.0,-0.8281386999898188,0.17964142506441544,-6.38244447913068
236,1.0,0.0,-1.916053151762435,-0.04920246431561648,-9.642715807880553
237,1.0,0.0,1.6255158887745997,0.13750976195154108,-8.782758055595554
238,1.0,0.0,-0.9597205727663993,-0.44772918838092224,-9.48340144908421
239,0.0,0.0,-0.09070065263814864,0.7133105353613236,-4.047317180558076
240,1.0,0.0,-0.02836062875201295,0.006502292684283239,-6.9129198119139685
241,0.0,1.0,-1.3428292009094234,-0.4160328324357253,-8.890615651927344
242,1.0,0.0,-0.80998454070244,-0.45840505172532775,-8.670432418308945
243,1.0,0.0,-1.109202238487907,-0.7729271587922452,-7.526275626204207
244,1.0,1.0,-0.31539424020208856,0.06641705345094479,-9.196374748580048
245,0.0,0.0,-1.9660000334118897,0.41407925611489693,-7.723925548071589
246,0.0,0.0,-1.9456137162599658,0.672087152819693,-6.370363173809061
247,0.0,1.0,-0.8605341836315339,-0.6782681970659452,-10.665106264253325
248,0.0,1.0,-1.1297275523755426,0.5252852743461827,-10.462661445832275
249,1.0,0.0,-1.4929175115264086,-0.8930468244156224,-7.383721233687678
250,0.0,1.0,0.3635993970339573,-0.7079409623092892,-7.474943092368598
251,1.0,1.0,-0.8249997953244799,0.09961829841910869,-11.3106618353305
252,0.0,0.0,-0.2521851087167526,0.3518570908601534,-5.849479558139774
253,0.0,1.0,-0.8326413416539349,-0.056598375736981066,-8.207624817267565
254,1.0,1.0,-0.3390943746993151,-1.3963325169054757,-11.596168643238903
255,0.0,0.0,-0.6226066659250603,1.4622779037733538,-6.357086373272072
256,1.0,1.0,-0.8234981850057406,-0.379980992692679,-10.177762209555784
257,0.0,0.0,-0.5908183257500588,0.9776704635709302,-4.8328556577616135
258,0.0,1.0,0.19952011117322344,0.4928715645384846,-7.998218187880823
259,0.0,1.0,-0.030860390123294557,-0.0939901577023622,-8.015044823030916
260,1.0,0.0,-1.0077369715407922,-1.4774402643358653,-10.658014363263058
261,0.0,1.0,-1.0989317996582288,0.9553737751020626,-10.88037691353501
262,1.0,1.0,-1.8339245916841915,-0.9928421412506533,-9.6685601793126
263,0.0,1.0,-0.045996465237650885,-0.6979387197226116,-7.010852171914173
264,1.0,1.0,-0.2031039022750204,0.5598604876700128,-11.849177157752084
265,1.0,1.0,-0.7547390138116773,0.058978645262077134,-9.179364894839878
266,0.0,1.0,0.8180677598315738,-0.17961341946982917,-8.552997406479417
267,0.0,1.0,-0.8765342889675397,-0.06173990980537908,-11.06976559799384
268,0.0,1.0,-0.051362115938929365,0.08736498828040923,-8.528686053627597
269,0.0,1.0,-0.6866834857176135,0.2296881441512697,-9.498805757052068
270,1.0,0.0,0.39696717882441246,0.45135072078376814,-9.891109177395084
271,1.0,0.0,-0.387245985369805,-0.7439984709110763,-8.745435117443828
272,0.0,1.0,-1.3188279921715362,-0.3591368525129357,-10.755004662050679
273,0.0,0.0,-0.48552338875691,-0.44205723557369286,-5.870875223958617
274,0.0,0.0,-0.42262443830309354,0.2408492068542289,-2.5894732780811793
275,1.0,1.0,-0.3461375627489993,-0.49371706634964674,-9.553037460850772
276,1.0,0.0,0.4909646974296653,0.8840986966438803,-4.2173553761203815
277,1.0,0.0,-0.21661912882010637,0.16833638047181881,-6.791413207303862
278,1.0,1.0,-2.0017684398047573,-0.8702762385775586,-11.086912253829915
279,0.0,0.0,-0.03898495742550201,-0.12739223356928941,-3.8337730661093232
280,0.0,1.0,-0.5924353812651665,-0.22276124981575354,-10.28829984817676
281,1.0,1.0,-0.5030393455984852,-0.34850947348349537,-12.358942026792755
282,0.0,0.0,0.3249954571664231,-0.5514226297310266,-5.291490385644578
283,1.0,0.0,-1.5837985135929435,-1.4337786665172954,-9.643564672254433
284,0.0,0.0,-1.953522876025048,0.30367807043013756,-7.057787853665017
285,1.0,1.0,-0.3838243748273001,0.09777427922467502,-11.294816000191549
286,0.0,0.0,-0.9562151479368479,0.707190130017048,-7.7054253732347355
287,0.0,1.0,-0.39877876622265246,0.17188983341503045,-8.587651605378142
288,0.0,0.0,0.10837879550717144,0.2645020894276517,-3.966982330435039
289,1.0,1.0,-0.31796793928409833,-0.06279522158437537,-10.937318591891575
290,0.0,1.0,0.104061373093981,-0.11378249730221801,-9.876366896021096
291,0.0,0.0,-0.37639421067069556,-0.9618162688051286,-8.818947581298895
292,1.0,0.0,0.11007008910397764,-0.36868882104811174,-7.858857254202435
293,1.0,1.0,0.19562660815092048,0.1186584913291938,-12.011132454708935
294,0.0,1.0,0.8516755242922154,0.04740892401389446,-7.422275831465921
295,0.0,0.0,-0.7103118150251571,1.4589898581828733,-4.814396007654915
296,0.0,0.0,-0.40269613040819585,-0.30105258263755064,-6.211537847728726
297,1.0,0.0,-1.1547574024523175,-0.7754813475143063,-10.286034901866827
298,0.0,0.0,-1.8843874802495293,1.8444775922167442,-7.758923515859371
299,1.0,1.0,-0.9249383823444325,0.12010014251074586,-10.611510973882554
300,0.0,1.0,-1.7705843228212097,0.7905985350956063,-10.588597305085324
301,1.0,0.0,-0.34555441055319464,-0.49232330779766886,-9.71704721667608
302,1.0,0.0,-0.45354105612686824,-1.1603039989651884,-9.461254441094878
303,0.0,0.0,-2.4501674838243668,1.7346321087451684,-7.700573449097019
304,1.0,1.0,-1.064025140899607,-0.29916253578331453,-13.011686272577716
305,1.0,0.0,-0.49233403382256047,0.506046994725766,-6.048816635188828
306,0.0,1.0,-0.643738592345094,0.7922477321992516,-7.585150127649559
307,1.0,0.0,-1.051969533496093,0.10428432927207237,-8.623219154702188
308,0.0,1.0,-1.2720317297068422,1.4184818002646695,-10.289987953645245
309,1.0,0.0,-1.1686963640033379,0.2922471807381175,-5.870780684969661
310,0.0,1.0,-0.4285388120663061,0.28750487412904924,-8.582059674272006
311,1.0,0.0,-1.0887943304067,-0.32798334779860494,-9.017067632781702
312,0.0,0.0,-1.2365882229039884,-0.166753870113733,-4.417447084879587
313,0.0,0.0,-1.3991105244960285,1.018824584975853,-6.155951754590519
314,0.0,0.0,-0.262741557041569,-0.3421608714548557,-5.775456313881117
315,0.0,0.0,-0.9201396347470592,0.9340944779199583,-5.320047572343354
316,1.0,1.0,-0.6047228132860125,-0.71284780827595,-10.845762459623199
317,0.0,1.0,-1.1919780545412313,0.13186460072839024,-12.185260800483025
318,1.0,1.0,-2.4937009178058025,-1.3395375560345966,-10.957749503418055
319,1.0,0.0,-1.6536594700034841,0.13638124442842803,-6.419206506201019
320,0.0,0.0,-1.2562654384003815,0.808997126194009,-6.270390594747952
321,1.0,1.0,-1.8952598276408266,-0.6445745838121885,-10.112982523841438
322,1.0,1.0,-0.3389812574429471,-0.32176576575992666,-10.352374686685286
323,1.0,1.0,-0.3025289692067659,-0.29216265350526543,-10.5464651807239
324,1.0,0.0,-1.112338850909419,-0.04899105214329652,-9.104867854698856
325,0.0,0.0,-2.649176958522772,1.4210264188389237,-7.771049063748208
326,0.0,1.0,-1.5629142675580183,-0.2689732045806249,-11.246409714310847
327,1.0,0.0,1.4965251301580311,0.37894920315643904,-9.092460360305079
328,0.0,1.0,-1.8779891864532714,0.4220716836419224,-12.166526939477396
329,1.0,1.0,-0.9912601854832412,-0.23205326465514237,-13.217809107401745
330,1.0,0.0,-1.5410878850085616,-0.31117158021429997,-8.689707066316625
331,0.0,0.0,-0.7309767366326546,0.6789505434101173,-5.9523701826853666
332,1.0,1.0,0.10527321619919106,0.17343919776577488,-9.299456460789836
333,0.0,1.0,-1.2579774593362487,0.32503806765811355,-10.181759085662632
334,1.0,0.0,-0.7516252040280768,0.20231615015899307,-8.787085025892775
335,1.0,0.0,-0.08289310197585142,0.5941734645523243,-8.856783377588982
336,1.0,1.0,-1.5296245208055579,-0.20030685283312244,-12.648346649641171
337,0.0,0.0,0.11639167606019452,-1.486379021535655,-7.166051481325823
338,1.0,0.0,-1.5038540461545855,-0.28287563279919786,-7.696789231724694
339,1.0,0.0,0.250476322518835,-0.031996631081446555,-7.3105475165380565
340,0.0,1.0,-0.2387827955744548,0.1267028199794663,-8.509140439602058
341,0.0,0.0,-2.013358173835285,1.5173781423124955,-6.087488939640444
342,1.0,1.0,-0.34599831289423777,0.9643004825129107,-9.779024915302658
343,1.0,1.0,-1.4997211006364761,0.5067735608103136,-11.469254175925721
344,0.0,0.0,-1.3125507391146929,0.7765084530107602,-5.530489378939661
345,1.0,0.0,-0.8788689496697886,-0.5570503335454651,-8.803387933118756
346,0.0,1.0,-1.655001003804447,1.2456655148123177,-11.269892034307446
347,1.0,0.0,-1.0873078918523609,-0.1098657844567219,-9.404762127476062
348,0.0,0.0,0.7897354887439585,0.2838530398736268,-4.925308310722946
349,1.0,1.0,-3.0051001980491048,-1.6786188947932406,-10.345343565871659
350,0.0,1.0,-0.718134054888959,-0.28650751648156,-10.252214235959741
351,0.0,0.0,-0.21077112711866353,1.0714532108115635,-6.162586740551842
352,1.0,0.0,-0.2330298200960873,0.10353779895690254,-7.889522397833043
353,0.0,0.0,-0.5692509453428223,0.18615795964660375,-6.068663579862282
354,0.0,0.0,-2.1188653294956623,1.1729928772446119,-7.759003982850214
355,0.0,1.0,-1.5485534754250407,0.4704550692034759,-10.613146699777946
356,1.0,0.0,1.3722631703022552,0.48376097965756826,-7.73589887464459
357,0.0,1.0,-2.5615550269061753,1.2710217177797827,-10.163756948519486
358,1.0,0.0,0.005119852020178839,0.23369739034059014,-6.723173942540833
359,0.0,1.0,-1.033239941384851,0.691617317274311,-10.990559592643244
360,1.0,0.0,-0.7483160768330247,-1.0094641250968772,-9.763771082525633
361,0.0,1.0,-1.6724318249479835,0.3613454583210547,-8.727441084020054
362,0.0,1.0,0.06420266836960054,-0.548581276896541,-10.417515552726078
363,0.0,1.0,0.8289826568419605,-0.7807486235671934,-8.183844218228112
364,0.0,1.0,-2.07723164864467,1.0974856365612082,-12.162222278725944
365,1.0,0.0,-1.851332687797133,-2.2243616658530843,-9.695193322571834
366,0.0,0.0,-1.4586553404655784,0.9952872775386093,-6.151557808269925
367,1.0,0.0,-0.881628109718145,-0.12826158873866744,-7.8407651696141905
368,0.0,0.0,-0.1263872326262513,-0.10344802461731867,-5.558404927337863
369,0.0,1.0,-1.7648803132712403,0.09859989094819499,-9.97237062797775
370,1.0,1.0,-0.8556993067847173,-0.1590266177628125,-11.408952452658035
371,1.0,0.0,-1.793389003849068,-1.1668875808786476,-9.624247058090166
372,1.0,0.0,-0.8029436468901905,-0.3523011679083474,-9.398263466803114
373,1.0,0.0,-2.6573953600957534,-1.0994970753837048,-8.305065422515945
374,0.0,0.0,0.7097775934115542,-0.0367641647402579,-6.320977213329234
375,0.0,0.0,-0.8722255335906902,0.4832040899219684,-5.840675588622551
376,1.0,1.0,-0.09679537631281543,0.029070808233589054,-11.098155476397237
377,1.0,0.0,-0.8270983804972176,-0.9827455922797435,-9.234163043094982
378,0.0,0.0,-1.138442338353802,0.9666093704988512,-5.477022794221845
379,0.0,1.0,-1.6367600541502085,-0.30829832697677606,-11.062213763906804
380,1.0,0.0,-1.2415446469850262,0.08733372837113862,-9.931546429111803
381,1.0,1.0,-1.6747137128823717,-1.2973758489125675,-14.345441098536128
382,1.0,1.0,0.17107299130902187,-0.38605339848114195,-10.228282828274523
383,1.0,1.0,-0.11836223962516845,0.4979316471334628,-10.12400206231905
384,1.0,0.0,-2.697786183053717,-0.43661637964002187,-9.15450238366135
385,0.0,1.0,-0.7389197478177776,-0.0254995784849551,-8.063678777624382
386,1.0,1.0,-1.5813402496116788,-1.1534730092518437,-11.999090826867173
387,0.0,1.0,0.11870545417216061,0.448127161929392,-6.189123385194987
388,1.0,1.0,0.7103453170215732,0.12998626987845566,-9.84984749755138
389,0.0,0.0,-1.6557745867841092,0.5523446211032932,-8.522962502540523
390,1.0,1.0,-2.4074986607233058,-0.47988019344552113,-12.288717797188454
391,0.0,1.0,-1.0203553538307424,0.39005310736548876,-8.86319938478088
392,1.0,0.0,-1.2642606733874748,-0.750759143770742,-9.275781937578946
393,1.0,1.0,0.07741351530650231,-0.23789270036535837,-8.950903739353102
394,0.0,1.0,-1.2005880415691246,0.9698847233817868,-11.329746236107015
395,0.0,1.0,-1.0934177722691882,0.07277223820707629,-9.585547622349125
396,0.0,1.0,0.7277502372208469,-0.7519569326284086,-6.650103912754612
397,1.0,1.0,-1.2395931626341858,0.43301548031476433,-12.803958496154186
398,1.0,0.0,-0.6934288766743293,-1.0806830678281636,-8.285120631930809
399,1.0,1.0,-2.1877273877298693,-0.37271267090412197,-10.01697227093916
400,1.0,1.0,-0.5565178164984168,-1.2734825149093447,-12.760401359763929
401,1.0,1.0,-0.9458412145473994,-0.38807353306410086,-10.447254158506293
402,0.0,0.0,-0.4358052992846714,0.19785611262255198,-8.551595385640631
403,0.0,0.0,0.2604998165074053,-1.1153038233710504,-7.073689760335662
404,1.0,0.0,-1.7878326055906162,-0.735688997520377,-8.67374801182261
405,0.0,0.0,0.13145732671527233,-0.6105236397743548,-4.166699702027954
406,0.0,0.0,-0.02740097166671085,0.7936966044369558,-6.025584806858082
407,1.0,1.0,-1.6095327076491475,0.11944066873171555,-11.53770721279556
408,0.0,0.0,-0.9647148623060439,-0.803613472753476,-7.393225303168519
409,0.0,1.0,-2.2118439597005373,1.0717354665452974,-11.046018834337952
410,0.0,1.0,0.4366402021460485,-0.8364140535283775,-5.898639905894679
411,0.0,0.0,-0.8340085400218775,0.4965737263513432,-6.006686665770214
412,0.0,0.0,-0.9803709964283425,-0.18092801774484668,-5.120814998941601
413,0.0,1.0,-0.37835378642731515,-0.7660372928905361,-7.306804605039632
414,0.0,1.0,-1.8468257714558554,0.8393210186167659,-9.602610452927687
415,1.0,1.0,0.5039211820462328,-0.6425552118497462,-10.9532968846862
416,0.0,1.0,-1.5078753428306664,-0.14668723880711731,-10.483454645112667
417,1.0,1.0,-0.644421940973878,-0.3161089562513744,-13.505779734009414
418,1.0,1.0,-0.11388501322649391,-0.09521724886577043,-12.106535139226555
419,1.0,0.0,0.1724835320511524,0.09750388562761964,-8.68158797375113
420,0.0,0.0,-0.703146219678632,0.2866731046687468,-5.797232067032942
421,0.0,1.0,-2.117324475238395,0.7563073225826996,-9.805848530046667
422,1.0,0.0,-0.09007375293496511,-0.2515443857585136,-4.373751255725329
423,1.0,0.0,0.4354959194824306,-0.5091969220292896,-9.420752483848243
424,1.0,0.0,-2.1717235893785616,-1.023441183033935,-9.970745490384397
425,1.0,1.0,-1.8532628979044923,-0.5624495765691035,-13.768658146472859
426,0.0,1.0,-0.10181304885502807,0.08746192710918987,-8.873593901731843
427,1.0,1.0,-0.6790419240745317,-0.7498609071039244,-12.675994792362143
428,0.0,0.0,-0.16189450118358129,0.5700437000573407,-4.546867724308086
429,1.0,0.0,-2.6758768500232994,-1.0221625090167283,-5.8820781774943764
430,1.0,0.0,-0.4322170217628027,-0.6121913925539222,-6.525974504805287
431,1.0,0.0,-2.0315388227096056,-0.7238828840958575,-6.645973175933573
432,1.0,1.0,-1.2177526548042819,0.2589813357438928,-12.236724445822801
433,1.0,0.0,-1.1349366409768207,0.11443196842254016,-10.583641581274895
434,0.0,0.0,-1.8941047051103523,-0.41580885265757017,-10.108170105139557
435,1.0,0.0,-1.49072827442736,-0.146592316594489,-8.464111670382831
436,1.0,1.0,-0.7490432384531293,-0.6613926014406177,-12.392000186570634
437,1.0,1.0,-1.742336516065938,-0.9663175891995976,-10.893909063588454
438,1.0,0.0,1.1244961489453502,0.41236423028706004,-8.79430909552896
439,0.0,1.0,-1.4912038611138012,0.11437312257525534,-11.72409166895177
440,1.0,0.0,-0.4395516500447213,-0.04253392797217226,-9.307029914375667
441,1.0,1.0,-2.2267987281691717,-0.5804996666755928,-12.016028584059828
442,0.0,0.0,-0.8474663533446409,0.09980371847713435,-5.360170594398911
443,1.0,1.0,0.6887678079710717,0.4871894464476373,-13.171754656282497
444,1.0,0.0,-0.8648226812540303,-0.23569195171469554,-6.711568543159119
445,0.0,0.0,-1.9555766973469575,-0.48606826272015524,-8.668195351562424
446,1.0,0.0,-1.5733712118422951,-1.779652083754804,-10.595270852665408
447,0.0,0.0,-2.053000775631838,0.7279194734101178,-8.059830917491905
448,0.0,0.0,-2.4701381683882193,0.12403143386763371,-8.041929141657594
449,1.0,1.0,-1.3434785950170398,-0.6585539364098776,-11.506723238774331
450,0.0,0.0,-1.3140107704051354,0.7115110046948313,-8.673329781839037
451,0.0,0.0,-0.5031959904033687,0.3242428460601295,-1.9065284219525667
452,1.0,0.0,-2.030711041296045,-0.32064756722631715,-8.442895803227227
453,1.0,1.0,-2.5546199879462046,-1.1985028879632404,-10.675355734806189
454,0.0,0.0,-2.088317081609627,0.8042067492763787,-7.911838874213892
455,1.0,1.0,-0.9059278203834884,0.154206242340161,-9.279299031129481
456,0.0,1.0,-0.31936186337744965,-0.689296892177873,-9.994250834890623
457,1.0,0.0,-0.8393453950019043,-0.17640555234085412,-8.007125170177853
458,1.0,1.0,-2.5897115309823175,-1.3921358988171653,-11.876327125000147
459,1.0,0.0,0.6822529919532474,1.334482232085172,-6.129757167577589
460,0.0,1.0,0.27744120287900165,-1.0315815000425554,-7.877824189328342
461,0.0,0.0,1.1365027909597818,-0.6862870424573376,-3.222777290350825
462,1.0,1.0,-0.7288067034402588,-0.724669524463128,-12.640049436076717
463,0.0,1.0,0.9963376511331814,-0.012309911915824368,-6.26342676064095
464,0.0,1.0,-1.014982372302993,0.4022746025097271,-9.402572562983284
465,0.0,0.0,-0.7569110434458257,-0.22719916088783104,-6.59192479254346
466,0.0,0.0,-0.5598363735913331,-0.08175702053175068,-6.76958519406454
467,1.0,0.0,-1.0515732214323923,-0.6765891303454246,-8.650001228274716
468,0.0,0.0,-1.1609389283932887,-0.07238248674983339,-8.09945132223988
469,0.0,1.0,-0.9780124299726103,0.4055072836880702,-7.7334440270901315
470,1.0,1.0,-2.481464521324794,-0.9363216007078787,-10.929993550274475
471,1.0,0.0,-1.005472659899675,-0.7048584965182971,-6.893509621215538
472,1.0,0.0,1.3511391756425288,-0.1334620341391285,-8.95577959837905
473,0.0,1.0,-0.05986362192143302,0.2202960317691751,-7.960626711211334
474,1.0,0.0,-0.43972987138636693,0.46518845957173366,-6.510620896395618
475,0.0,1.0,-0.3798060906761138,0.24018375705661196,-9.758972905515506
476,0.0,0.0,-0.6334650028904972,-1.1915448958474157,-7.670661642516633
477,1.0,1.0,-2.013534642987609,0.31964745447450005,-9.207379311671877
478,0.0,0.0,-1.1715464018452728,0.5791969842651398,-6.219433989228931
479,1.0,0.0,-0.7774644805442982,-0.9210789568654227,-8.265013732091145
480,0.0,1.0,-2.3258847631813744,0.49495709230326246,-10.424580052286153
481,1.0,1.0,-0.4386301503057306,-0.22883190357489916,-11.46906361870356
482,1.0,0.0,-0.09270557724037432,-0.7963657601070406,-9.249812929265964
483,0.0,0.0,-1.0890591494827084,1.970325077372197,-4.923389505172606
484,1.0,1.0,0.10620641100498407,-1.0952111388314982,-9.361722440007291
485,0.0,1.0,0.08271660675073989,-0.8200487247383665,-9.266445104099734
486,1.0,0.0,-1.0420267113762214,-1.0378816579816414,-8.309104819772735
487,1.0,0.0,-1.4923563150662118,-0.38000042716766735,-8.234312917856798
488,1.0,1.0,-0.32444547865237283,-0.9995100317833092,-11.105178602068108
489,0.0,1.0,-0.7414008024649007,0.2043711729546942,-6.075865772701633
490,0.0,0.0,-0.5677265128519731,0.4826368491509526,-5.864100602416142
491,1.0,0.0,-1.1313461355162244,0.08345465982791739,-6.495849602113182
492,1.0,1.0,-0.7579420999833727,0.24509546869699284,-13.351715602197379
493,1.0,1.0,-0.4768624663397229,-0.530892194041228,-12.277577305589011
494,1.0,0.0,-1.5735837044407552,-0.4651725990603972,-9.10586325358199
495,0.0,0.0,-2.30209017855029,0.769704642052361,-6.097526329699896
496,0.0,1.0,-1.2170004004067303,0.6374279684250472,-9.810059963864003
497,0.0,0.0,-0.6542990139945547,0.02171774843404023,-7.070690704332471
498,0.0,0.0,-2.114182890667074,1.1325487476138376,-4.6216091771452295
499,0.0,1.0,-1.1986822442208083,0.36665339070072467,-9.037209454059145
